12	LocalScript	ReplicatedFirst.LoadingController	ReplicatedFirst/LoadingController.client.luau
13	ModuleScript	ReplicatedFirst.LoadingController.LoadingView	ReplicatedFirst/LoadingController/LoadingView.luau
1154	ModuleScript	ReplicatedStorage.Access.CityRoles	ReplicatedStorage/Access/CityRoles.luau
1155	ModuleScript	ReplicatedStorage.Access.CityRoles.spec	ReplicatedStorage/Access/CityRoles/spec.luau
1152	ModuleScript	ReplicatedStorage.Access.PlacesConfig	ReplicatedStorage/Access/PlacesConfig.luau
1153	ModuleScript	ReplicatedStorage.Access.PlacesConfig.spec	ReplicatedStorage/Access/PlacesConfig/spec.luau
1185	ModuleScript	ReplicatedStorage.BadApple.BadAppleFrames	ReplicatedStorage/BadApple/BadAppleFrames.luau
331	ModuleScript	ReplicatedStorage.City.AddressBook	ReplicatedStorage/City/AddressBook.luau
332	ModuleScript	ReplicatedStorage.City.AddressBook.spec	ReplicatedStorage/City/AddressBook/spec.luau
336	ModuleScript	ReplicatedStorage.City.BuildingTextures	ReplicatedStorage/City/BuildingTextures.luau
327	ModuleScript	ReplicatedStorage.City.CitizenModel	ReplicatedStorage/City/CitizenModel.luau
328	ModuleScript	ReplicatedStorage.City.CitizenModel.CitizenModel.spec	ReplicatedStorage/City/CitizenModel/CitizenModel/spec.luau
1063	ModuleScript	ReplicatedStorage.City.CitizenWardrobe	ReplicatedStorage/City/CitizenWardrobe.luau
345	ModuleScript	ReplicatedStorage.City.DevelopmentTree	ReplicatedStorage/City/DevelopmentTree.luau
340	ModuleScript	ReplicatedStorage.City.FootprintGen	ReplicatedStorage/City/FootprintGen.luau
325	ModuleScript	ReplicatedStorage.City.MapPresets	ReplicatedStorage/City/MapPresets.luau
343	ModuleScript	ReplicatedStorage.City.MapPreview	ReplicatedStorage/City/MapPreview.luau
346	ModuleScript	ReplicatedStorage.City.MapResources	ReplicatedStorage/City/MapResources.luau
341	ModuleScript	ReplicatedStorage.City.MilestoneUnlocks	ReplicatedStorage/City/MilestoneUnlocks.luau
342	ModuleScript	ReplicatedStorage.City.MilestoneUnlocks.spec	ReplicatedStorage/City/MilestoneUnlocks/spec.luau
337	ModuleScript	ReplicatedStorage.City.OutsideConnectionConstants	ReplicatedStorage/City/OutsideConnectionConstants.luau
338	ModuleScript	ReplicatedStorage.City.OutsideConnectionTypes	ReplicatedStorage/City/OutsideConnectionTypes.luau
1062	ModuleScript	ReplicatedStorage.City.PipeArt	ReplicatedStorage/City/PipeArt.luau
339	ModuleScript	ReplicatedStorage.City.PlotGeometry	ReplicatedStorage/City/PlotGeometry.luau
347	ModuleScript	ReplicatedStorage.City.PlotGeometry.spec	ReplicatedStorage/City/PlotGeometry/spec.luau
330	ModuleScript	ReplicatedStorage.City.SchoolModel	ReplicatedStorage/City/SchoolModel.luau
329	ModuleScript	ReplicatedStorage.City.SchoolTypes	ReplicatedStorage/City/SchoolTypes.luau
335	ModuleScript	ReplicatedStorage.City.ServiceBuildingModel	ReplicatedStorage/City/ServiceBuildingModel.luau
334	ModuleScript	ReplicatedStorage.City.ServiceTypes	ReplicatedStorage/City/ServiceTypes.luau
1061	ModuleScript	ReplicatedStorage.City.TerritoryGrid	ReplicatedStorage/City/TerritoryGrid.luau
326	ModuleScript	ReplicatedStorage.City.UIEvents	ReplicatedStorage/City/UIEvents.luau
344	ModuleScript	ReplicatedStorage.City.WaterImage	ReplicatedStorage/City/WaterImage.luau
333	ModuleScript	ReplicatedStorage.City.ZoneGrid	ReplicatedStorage/City/ZoneGrid.luau
324	ModuleScript	ReplicatedStorage.City.ZoneTypes	ReplicatedStorage/City/ZoneTypes.luau
274	ModuleScript	ReplicatedStorage.DataCache	ReplicatedStorage/DataCache.luau
1158	ModuleScript	ReplicatedStorage.Editor.CreationBuilder	ReplicatedStorage/Editor/CreationBuilder.luau
1159	ModuleScript	ReplicatedStorage.Editor.CreationBuilder.spec	ReplicatedStorage/Editor/CreationBuilder/spec.luau
1160	ModuleScript	ReplicatedStorage.Editor.CreationCategories	ReplicatedStorage/Editor/CreationCategories.luau
1161	ModuleScript	ReplicatedStorage.Editor.CreationCategories.spec	ReplicatedStorage/Editor/CreationCategories/spec.luau
1157	ModuleScript	ReplicatedStorage.Editor.EditorConfig	ReplicatedStorage/Editor/EditorConfig.luau
276	ModuleScript	ReplicatedStorage.GameSpeed	ReplicatedStorage/GameSpeed.luau
277	ModuleScript	ReplicatedStorage.GameSpeed.spec	ReplicatedStorage/GameSpeed/spec.luau
1231	ModuleScript	ReplicatedStorage.Nature.NatureCatalog	ReplicatedStorage/Nature/NatureCatalog.luau
275	ModuleScript	ReplicatedStorage.NetMiddleware	ReplicatedStorage/NetMiddleware.luau
278	ModuleScript	ReplicatedStorage.Networker	ReplicatedStorage/Networker.luau
281	ModuleScript	ReplicatedStorage.Road.BezierUtil	ReplicatedStorage/Road/BezierUtil.luau
282	ModuleScript	ReplicatedStorage.Road.BezierUtil.spec	ReplicatedStorage/Road/BezierUtil/spec.luau
307	ModuleScript	ReplicatedStorage.Road.BridgeBuilder	ReplicatedStorage/Road/BridgeBuilder.luau
292	ModuleScript	ReplicatedStorage.Road.DeadEndRenderer	ReplicatedStorage/Road/DeadEndRenderer.luau
305	ModuleScript	ReplicatedStorage.Road.DriverProfile	ReplicatedStorage/Road/DriverProfile.luau
287	ModuleScript	ReplicatedStorage.Road.IntersectionRenderer	ReplicatedStorage/Road/IntersectionRenderer.luau
288	ModuleScript	ReplicatedStorage.Road.IntersectionRenderer.spec	ReplicatedStorage/Road/IntersectionRenderer/spec.luau
313	ModuleScript	ReplicatedStorage.Road.IntersectionRenderer_specrun	ReplicatedStorage/Road/IntersectionRenderer_specrun.luau
314	ModuleScript	ReplicatedStorage.Road.IntersectionRenderer_specrun.spec	ReplicatedStorage/Road/IntersectionRenderer_specrun/spec.luau
289	ModuleScript	ReplicatedStorage.Road.LaneArrow	ReplicatedStorage/Road/LaneArrow.luau
306	ModuleScript	ReplicatedStorage.Road.NavCost	ReplicatedStorage/Road/NavCost.luau
301	ModuleScript	ReplicatedStorage.Road.NavRouter	ReplicatedStorage/Road/NavRouter.luau
308	ModuleScript	ReplicatedStorage.Road.RegionCatalog	ReplicatedStorage/Road/RegionCatalog.luau
304	ModuleScript	ReplicatedStorage.Road.RoadBeams	ReplicatedStorage/Road/RoadBeams.luau
299	ModuleScript	ReplicatedStorage.Road.RoadConstants	ReplicatedStorage/Road/RoadConstants.luau
315	ModuleScript	ReplicatedStorage.Road.RoadGeometry	ReplicatedStorage/Road/RoadGeometry.luau
322	ModuleScript	ReplicatedStorage.Road.RoadJunctionSolver	ReplicatedStorage/Road/RoadJunctionSolver.luau
300	ModuleScript	ReplicatedStorage.Road.RoadMeshBuilder	ReplicatedStorage/Road/RoadMeshBuilder.luau
318	ModuleScript	ReplicatedStorage.Road.RoadMeshBuilder.spec	ReplicatedStorage/Road/RoadMeshBuilder/spec.luau
303	ModuleScript	ReplicatedStorage.Road.RoadMoveGeometry	ReplicatedStorage/Road/RoadMoveGeometry.luau
290	ModuleScript	ReplicatedStorage.Road.RoadNavigationGraph	ReplicatedStorage/Road/RoadNavigationGraph.luau
291	ModuleScript	ReplicatedStorage.Road.RoadNavigationGraph.spec	ReplicatedStorage/Road/RoadNavigationGraph/spec.luau
283	ModuleScript	ReplicatedStorage.Road.RoadNetwork	ReplicatedStorage/Road/RoadNetwork.luau
284	ModuleScript	ReplicatedStorage.Road.RoadNetwork.spec	ReplicatedStorage/Road/RoadNetwork/spec.luau
319	ModuleScript	ReplicatedStorage.Road.RoadProfile	ReplicatedStorage/Road/RoadProfile.luau
320	ModuleScript	ReplicatedStorage.Road.RoadProfile.spec	ReplicatedStorage/Road/RoadProfile/spec.luau
310	ModuleScript	ReplicatedStorage.Road.RoadProximity	ReplicatedStorage/Road/RoadProximity.luau
316	ModuleScript	ReplicatedStorage.Road.RoadProximity.spec	ReplicatedStorage/Road/RoadProximity/spec.luau
285	ModuleScript	ReplicatedStorage.Road.RoadRenderer	ReplicatedStorage/Road/RoadRenderer.luau
297	ModuleScript	ReplicatedStorage.Road.RoadRules	ReplicatedStorage/Road/RoadRules.luau
302	ModuleScript	ReplicatedStorage.Road.RoadSceneRenderer	ReplicatedStorage/Road/RoadSceneRenderer.luau
321	ModuleScript	ReplicatedStorage.Road.RoadSection	ReplicatedStorage/Road/RoadSection.luau
286	ModuleScript	ReplicatedStorage.Road.RoadTypeCatalog	ReplicatedStorage/Road/RoadTypeCatalog.luau
280	ModuleScript	ReplicatedStorage.Road.RoadTypes	ReplicatedStorage/Road/RoadTypes.luau
298	ModuleScript	ReplicatedStorage.Road.RoadVerticalProfile	ReplicatedStorage/Road/RoadVerticalProfile.luau
311	ModuleScript	ReplicatedStorage.Road.SignalSpec	ReplicatedStorage/Road/SignalSpec.luau
293	ModuleScript	ReplicatedStorage.Road.SnapUtil	ReplicatedStorage/Road/SnapUtil.luau
294	ModuleScript	ReplicatedStorage.Road.SnapUtil.SnapConstants	ReplicatedStorage/Road/SnapUtil/SnapConstants.luau
295	ModuleScript	ReplicatedStorage.Road.SnapUtil.spec	ReplicatedStorage/Road/SnapUtil/spec.luau
317	ModuleScript	ReplicatedStorage.Road.TrafficSignPlanner	ReplicatedStorage/Road/TrafficSignPlanner.luau
309	ModuleScript	ReplicatedStorage.Road.TrafficViolations	ReplicatedStorage/Road/TrafficViolations.luau
312	ModuleScript	ReplicatedStorage.Road.VehicleCatalog	ReplicatedStorage/Road/VehicleCatalog.luau
296	ModuleScript	ReplicatedStorage.Road.VehicleTypes	ReplicatedStorage/Road/VehicleTypes.luau
1180	ModuleScript	ReplicatedStorage.Shared.CityCalendar	ReplicatedStorage/Shared/CityCalendar.luau
1181	ModuleScript	ReplicatedStorage.Shared.CityCalendar.spec	ReplicatedStorage/Shared/CityCalendar/spec.luau
1167	ModuleScript	ReplicatedStorage.Shared.ClientBootGate	ReplicatedStorage/Shared/ClientBootGate.luau
1163	ModuleScript	ReplicatedStorage.Shared.FreePlacement	ReplicatedStorage/Shared/FreePlacement.luau
1170	ModuleScript	ReplicatedStorage.Shared.GesturePath	ReplicatedStorage/Shared/GesturePath.luau
1171	ModuleScript	ReplicatedStorage.Shared.GesturePath.spec	ReplicatedStorage/Shared/GesturePath/spec.luau
1166	ModuleScript	ReplicatedStorage.Shared.LOD	ReplicatedStorage/Shared/LOD.luau
1176	ModuleScript	ReplicatedStorage.Shared.MaterialCatalog	ReplicatedStorage/Shared/MaterialCatalog.luau
1177	ModuleScript	ReplicatedStorage.Shared.MaterialCatalog.spec	ReplicatedStorage/Shared/MaterialCatalog/spec.luau
1169	ModuleScript	ReplicatedStorage.Shared.ModelBaker	ReplicatedStorage/Shared/ModelBaker.luau
1174	ModuleScript	ReplicatedStorage.Shared.PlacementFit	ReplicatedStorage/Shared/PlacementFit.luau
1175	ModuleScript	ReplicatedStorage.Shared.PlacementFit.spec	ReplicatedStorage/Shared/PlacementFit/spec.luau
1178	ModuleScript	ReplicatedStorage.Shared.PlacementGrid	ReplicatedStorage/Shared/PlacementGrid.luau
1179	ModuleScript	ReplicatedStorage.Shared.PlacementGrid.spec	ReplicatedStorage/Shared/PlacementGrid/spec.luau
1164	ModuleScript	ReplicatedStorage.Shared.Quant	ReplicatedStorage/Shared/Quant.luau
1165	ModuleScript	ReplicatedStorage.Shared.Quant.spec	ReplicatedStorage/Shared/Quant/spec.luau
1172	ModuleScript	ReplicatedStorage.Shared.ShapeCatalog	ReplicatedStorage/Shared/ShapeCatalog.luau
1173	ModuleScript	ReplicatedStorage.Shared.ShapeCatalog.spec	ReplicatedStorage/Shared/ShapeCatalog/spec.luau
1168	ModuleScript	ReplicatedStorage.Shared.TextureAverages	ReplicatedStorage/Shared/TextureAverages.luau
2551	ModuleScript	ReplicatedStorage.Terrain.Heightmap	ReplicatedStorage/Terrain/Heightmap.luau
2552	ModuleScript	ReplicatedStorage.Terrain.Heightmap.spec	ReplicatedStorage/Terrain/Heightmap/spec.luau
2566	ModuleScript	ReplicatedStorage.Terrain.RoadCrossSection	ReplicatedStorage/Terrain/RoadCrossSection.luau
2567	ModuleScript	ReplicatedStorage.Terrain.RoadCrossSection.spec	ReplicatedStorage/Terrain/RoadCrossSection/spec.luau
2553	ModuleScript	ReplicatedStorage.Terrain.TerrainBrush	ReplicatedStorage/Terrain/TerrainBrush.luau
2554	ModuleScript	ReplicatedStorage.Terrain.TerrainBrush.spec	ReplicatedStorage/Terrain/TerrainBrush/spec.luau
2559	ModuleScript	ReplicatedStorage.Terrain.TerrainBuildController	ReplicatedStorage/Terrain/TerrainBuildController.luau
2549	ModuleScript	ReplicatedStorage.Terrain.TerrainConstants	ReplicatedStorage/Terrain/TerrainConstants.luau
2557	ModuleScript	ReplicatedStorage.Terrain.TerrainGenerator	ReplicatedStorage/Terrain/TerrainGenerator.luau
2558	ModuleScript	ReplicatedStorage.Terrain.TerrainGenerator.spec	ReplicatedStorage/Terrain/TerrainGenerator/spec.luau
2568	ModuleScript	ReplicatedStorage.Terrain.TerrainLandform	ReplicatedStorage/Terrain/TerrainLandform.luau
2561	ModuleScript	ReplicatedStorage.Terrain.TerrainMesh	ReplicatedStorage/Terrain/TerrainMesh.luau
2562	ModuleScript	ReplicatedStorage.Terrain.TerrainMesh.spec	ReplicatedStorage/Terrain/TerrainMesh/spec.luau
2563	ModuleScript	ReplicatedStorage.Terrain.TerrainMeshView	ReplicatedStorage/Terrain/TerrainMeshView.luau
2555	ModuleScript	ReplicatedStorage.Terrain.TerrainPainter	ReplicatedStorage/Terrain/TerrainPainter.luau
2556	ModuleScript	ReplicatedStorage.Terrain.TerrainPainter.spec	ReplicatedStorage/Terrain/TerrainPainter/spec.luau
2564	ModuleScript	ReplicatedStorage.Terrain.TerrainSurfaceTexture	ReplicatedStorage/Terrain/TerrainSurfaceTexture.luau
2565	ModuleScript	ReplicatedStorage.Terrain.TerrainSurfaceTexture.spec	ReplicatedStorage/Terrain/TerrainSurfaceTexture/spec.luau
2550	ModuleScript	ReplicatedStorage.Terrain.TerrainTypes	ReplicatedStorage/Terrain/TerrainTypes.luau
2560	ModuleScript	ReplicatedStorage.Terrain.WaterField	ReplicatedStorage/Terrain/WaterField.luau
1065	ModuleScript	ReplicatedStorage.Transit.TransitTypes	ReplicatedStorage/Transit/TransitTypes.luau
1183	ModuleScript	ReplicatedStorage.World.WorldThemeCatalog	ReplicatedStorage/World/WorldThemeCatalog.luau
4227	Script	ServerScriptService.Bootstrap.Bootstrap	ServerScriptService/Bootstrap/Bootstrap.server.luau
4219	ModuleScript	ServerScriptService.Services.Access.BadgeService	ServerScriptService/Services/Access/BadgeService.luau
4212	ModuleScript	ServerScriptService.Services.Access.CityTeleport	ServerScriptService/Services/Access/CityTeleport.luau
4213	ModuleScript	ServerScriptService.Services.Access.CityTeleport.spec	ServerScriptService/Services/Access/CityTeleport/spec.luau
4210	ModuleScript	ServerScriptService.Services.Access.PlaceAccessService	ServerScriptService/Services/Access/PlaceAccessService.luau
4211	ModuleScript	ServerScriptService.Services.Access.PlaceAccessService.spec	ServerScriptService/Services/Access/PlaceAccessService/spec.luau
4221	ModuleScript	ServerScriptService.Services.Access.PlayerDirectoryService	ServerScriptService/Services/Access/PlayerDirectoryService.luau
4220	ModuleScript	ServerScriptService.Services.Access.PlayerPresenceService	ServerScriptService/Services/Access/PlayerPresenceService.luau
4216	ModuleScript	ServerScriptService.Services.Access.ReviewQueue	ServerScriptService/Services/Access/ReviewQueue.luau
4217	ModuleScript	ServerScriptService.Services.Access.ReviewQueue.Shape	ServerScriptService/Services/Access/ReviewQueue/Shape.luau
4218	ModuleScript	ServerScriptService.Services.Access.ReviewQueue.Shape.spec	ServerScriptService/Services/Access/ReviewQueue/Shape/spec.luau
4214	ModuleScript	ServerScriptService.Services.Access.StaffRoster	ServerScriptService/Services/Access/StaffRoster.luau
4215	ModuleScript	ServerScriptService.Services.Access.StaffUIService	ServerScriptService/Services/Access/StaffUIService.luau
4209	ModuleScript	ServerScriptService.Services.Access.TesterService	ServerScriptService/Services/Access/TesterService.luau
4222	ModuleScript	ServerScriptService.Services.Access.VisitorList	ServerScriptService/Services/Access/VisitorList.luau
4223	ModuleScript	ServerScriptService.Services.Access.VisitorList.spec	ServerScriptService/Services/Access/VisitorList/spec.luau
4072	ModuleScript	ServerScriptService.Services.City.BuildingService	ServerScriptService/Services/City/BuildingService.luau
4073	ModuleScript	ServerScriptService.Services.City.BuildingService.spec	ServerScriptService/Services/City/BuildingService/spec.luau
4094	ModuleScript	ServerScriptService.Services.City.BuildingService.spec	ServerScriptService/Services/City/BuildingService/spec__ref4094.luau
4083	ModuleScript	ServerScriptService.Services.City.CitySimConstants	ServerScriptService/Services/City/CitySimConstants.luau
4074	ModuleScript	ServerScriptService.Services.City.CityStatsService	ServerScriptService/Services/City/CityStatsService.luau
4075	ModuleScript	ServerScriptService.Services.City.CityStatsService.spec	ServerScriptService/Services/City/CityStatsService/spec.luau
4101	ModuleScript	ServerScriptService.Services.City.Civic.CoverageService	ServerScriptService/Services/City/Civic/CoverageService.luau
4103	ModuleScript	ServerScriptService.Services.City.Civic.CrimeService	ServerScriptService/Services/City/Civic/CrimeService.luau
4105	ModuleScript	ServerScriptService.Services.City.Civic.DeathcareService	ServerScriptService/Services/City/Civic/DeathcareService.luau
4100	ModuleScript	ServerScriptService.Services.City.Civic.EducationService	ServerScriptService/Services/City/Civic/EducationService.luau
4106	ModuleScript	ServerScriptService.Services.City.Civic.EmergencyDispatch	ServerScriptService/Services/City/Civic/EmergencyDispatch.luau
4102	ModuleScript	ServerScriptService.Services.City.Civic.EmergencyService	ServerScriptService/Services/City/Civic/EmergencyService.luau
4104	ModuleScript	ServerScriptService.Services.City.Civic.SicknessService	ServerScriptService/Services/City/Civic/SicknessService.luau
4090	ModuleScript	ServerScriptService.Services.City.CreationPlaceService	ServerScriptService/Services/City/CreationPlaceService.luau
4130	ModuleScript	ServerScriptService.Services.City.Economy.CityEconomyService	ServerScriptService/Services/City/Economy/CityEconomyService.luau
4131	ModuleScript	ServerScriptService.Services.City.Economy.CityEconomyService.spec	ServerScriptService/Services/City/Economy/CityEconomyService/spec.luau
4128	ModuleScript	ServerScriptService.Services.City.Economy.SupplyService	ServerScriptService/Services/City/Economy/SupplyService.luau
4129	ModuleScript	ServerScriptService.Services.City.Economy.SupplyService.spec	ServerScriptService/Services/City/Economy/SupplyService/spec.luau
4076	ModuleScript	ServerScriptService.Services.City.LandValueService	ServerScriptService/Services/City/LandValueService.luau
4077	ModuleScript	ServerScriptService.Services.City.LotDressingConfig	ServerScriptService/Services/City/LotDressingConfig.luau
4078	ModuleScript	ServerScriptService.Services.City.LotDressingService	ServerScriptService/Services/City/LotDressingService.luau
4135	ModuleScript	ServerScriptService.Services.City.LotGroundMesh	ServerScriptService/Services/City/LotGroundMesh.luau
4136	ModuleScript	ServerScriptService.Services.City.LotGroundMesh.spec	ServerScriptService/Services/City/LotGroundMesh/spec.luau
4132	ModuleScript	ServerScriptService.Services.City.MapSeedService	ServerScriptService/Services/City/MapSeedService.luau
4082	ModuleScript	ServerScriptService.Services.City.NameGen	ServerScriptService/Services/City/NameGen.luau
4086	ModuleScript	ServerScriptService.Services.City.NaturePlaceService	ServerScriptService/Services/City/NaturePlaceService.luau
4084	ModuleScript	ServerScriptService.Services.City.OutsideConnectionService	ServerScriptService/Services/City/OutsideConnectionService.luau
4080	ModuleScript	ServerScriptService.Services.City.ParkingService	ServerScriptService/Services/City/ParkingService.luau
4081	ModuleScript	ServerScriptService.Services.City.ParkingService.spec	ServerScriptService/Services/City/ParkingService/spec.luau
4091	ModuleScript	ServerScriptService.Services.City.ParkingService.spec	ServerScriptService/Services/City/ParkingService/spec__ref4091.luau
4085	ModuleScript	ServerScriptService.Services.City.PlotService	ServerScriptService/Services/City/PlotService.luau
4089	ModuleScript	ServerScriptService.Services.City.PlotService.spec	ServerScriptService/Services/City/PlotService/spec.luau
4092	ModuleScript	ServerScriptService.Services.City.PowerService	ServerScriptService/Services/City/PowerService.luau
4093	ModuleScript	ServerScriptService.Services.City.PowerService.spec	ServerScriptService/Services/City/PowerService/spec.luau
4087	ModuleScript	ServerScriptService.Services.City.ProgressionService	ServerScriptService/Services/City/ProgressionService.luau
4088	ModuleScript	ServerScriptService.Services.City.ServicePlacement	ServerScriptService/Services/City/ServicePlacement.luau
4125	ModuleScript	ServerScriptService.Services.City.Simulation.CitizenActivityState	ServerScriptService/Services/City/Simulation/CitizenActivityState.luau
4126	ModuleScript	ServerScriptService.Services.City.Simulation.CitizenActivityState.spec	ServerScriptService/Services/City/Simulation/CitizenActivityState/spec.luau
4121	ModuleScript	ServerScriptService.Services.City.Simulation.CitizenJourneys	ServerScriptService/Services/City/Simulation/CitizenJourneys.luau
4122	ModuleScript	ServerScriptService.Services.City.Simulation.CitizenJourneys.spec	ServerScriptService/Services/City/Simulation/CitizenJourneys/spec.luau
4118	ModuleScript	ServerScriptService.Services.City.Simulation.CitizenQueries	ServerScriptService/Services/City/Simulation/CitizenQueries.luau
4119	ModuleScript	ServerScriptService.Services.City.Simulation.CitizenQueries.spec	ServerScriptService/Services/City/Simulation/CitizenQueries/spec.luau
4116	ModuleScript	ServerScriptService.Services.City.Simulation.CitizenSaveColumns	ServerScriptService/Services/City/Simulation/CitizenSaveColumns.luau
4117	ModuleScript	ServerScriptService.Services.City.Simulation.CitizenSaveColumns.spec	ServerScriptService/Services/City/Simulation/CitizenSaveColumns/spec.luau
4108	ModuleScript	ServerScriptService.Services.City.Simulation.CitizenService	ServerScriptService/Services/City/Simulation/CitizenService.luau
4109	ModuleScript	ServerScriptService.Services.City.Simulation.CitizenService.spec	ServerScriptService/Services/City/Simulation/CitizenService/spec.luau
4120	ModuleScript	ServerScriptService.Services.City.Simulation.CitizenTypes	ServerScriptService/Services/City/Simulation/CitizenTypes.luau
4111	ModuleScript	ServerScriptService.Services.City.Simulation.FireService	ServerScriptService/Services/City/Simulation/FireService.luau
4123	ModuleScript	ServerScriptService.Services.City.Simulation.HouseholdNeeds	ServerScriptService/Services/City/Simulation/HouseholdNeeds.luau
4124	ModuleScript	ServerScriptService.Services.City.Simulation.HouseholdNeeds.spec	ServerScriptService/Services/City/Simulation/HouseholdNeeds/spec.luau
4112	ModuleScript	ServerScriptService.Services.City.Simulation.ThroughTrafficService	ServerScriptService/Services/City/Simulation/ThroughTrafficService.luau
4113	ModuleScript	ServerScriptService.Services.City.Simulation.ThroughTrafficService.spec	ServerScriptService/Services/City/Simulation/ThroughTrafficService/spec.luau
4114	ModuleScript	ServerScriptService.Services.City.Simulation.TravelModeChoice	ServerScriptService/Services/City/Simulation/TravelModeChoice.luau
4115	ModuleScript	ServerScriptService.Services.City.Simulation.TravelModeChoice.spec	ServerScriptService/Services/City/Simulation/TravelModeChoice/spec.luau
4110	ModuleScript	ServerScriptService.Services.City.Simulation.ZoneSimService	ServerScriptService/Services/City/Simulation/ZoneSimService.luau
4133	ModuleScript	ServerScriptService.Services.City.TerritoryService	ServerScriptService/Services/City/TerritoryService.luau
4079	ModuleScript	ServerScriptService.Services.City.TimeService	ServerScriptService/Services/City/TimeService.luau
4097	ModuleScript	ServerScriptService.Services.City.WaterPipeService	ServerScriptService/Services/City/WaterPipeService.luau
4098	ModuleScript	ServerScriptService.Services.City.WaterPipeService.spec	ServerScriptService/Services/City/WaterPipeService/spec.luau
4095	ModuleScript	ServerScriptService.Services.City.WaterService	ServerScriptService/Services/City/WaterService.luau
4096	ModuleScript	ServerScriptService.Services.City.WaterService.spec	ServerScriptService/Services/City/WaterService/spec.luau
4134	ModuleScript	ServerScriptService.Services.City.WeatherService	ServerScriptService/Services/City/WeatherService.luau
4153	ModuleScript	ServerScriptService.Services.Data.BlobCodec	ServerScriptService/Services/Data/BlobCodec.luau
4154	ModuleScript	ServerScriptService.Services.Data.BlobCodec.spec	ServerScriptService/Services/Data/BlobCodec/spec.luau
4156	ModuleScript	ServerScriptService.Services.Data.BlueprintStore	ServerScriptService/Services/Data/BlueprintStore.luau
4150	ModuleScript	ServerScriptService.Services.Data.CitySerializer	ServerScriptService/Services/Data/CitySerializer.luau
4151	ModuleScript	ServerScriptService.Services.Data.CitySlotService	ServerScriptService/Services/Data/CitySlotService.luau
4152	ModuleScript	ServerScriptService.Services.Data.MapTemplateService	ServerScriptService/Services/Data/MapTemplateService.luau
4159	ModuleScript	ServerScriptService.Services.Data.NumberPack	ServerScriptService/Services/Data/NumberPack.luau
4160	ModuleScript	ServerScriptService.Services.Data.NumberPack.spec	ServerScriptService/Services/Data/NumberPack/spec.luau
4149	ModuleScript	ServerScriptService.Services.Data.PlayerDataStore	ServerScriptService/Services/Data/PlayerDataStore.luau
4158	ModuleScript	ServerScriptService.Services.Data.PlayerLoadService	ServerScriptService/Services/Data/PlayerLoadService.luau
4155	ModuleScript	ServerScriptService.Services.Data.PlayerSettingsService	ServerScriptService/Services/Data/PlayerSettingsService.luau
4157	ModuleScript	ServerScriptService.Services.Data.PlayerStatsService	ServerScriptService/Services/Data/PlayerStatsService.luau
4146	ModuleScript	ServerScriptService.Services.Debug.AdminService	ServerScriptService/Services/Debug/AdminService.luau
4145	ModuleScript	ServerScriptService.Services.Debug.DebugService	ServerScriptService/Services/Debug/DebugService.luau
4147	ModuleScript	ServerScriptService.Services.Debug.DeveloperService	ServerScriptService/Services/Debug/DeveloperService.luau
4225	ModuleScript	ServerScriptService.Services.Editor.EditorService	ServerScriptService/Services/Editor/EditorService.luau
4169	ModuleScript	ServerScriptService.Services.NPC.CitizenAgentService	ServerScriptService/Services/NPC/CitizenAgentService.luau
4168	ModuleScript	ServerScriptService.Services.NPC.EmergencyVehicleFactory	ServerScriptService/Services/NPC/EmergencyVehicleFactory.luau
4162	ModuleScript	ServerScriptService.Services.NPC.NPCDriverService	ServerScriptService/Services/NPC/NPCDriverService.luau
4164	ModuleScript	ServerScriptService.Services.NPC.NPCDriverService.IntegrationFixture	ServerScriptService/Services/NPC/NPCDriverService/IntegrationFixture.luau
4163	ModuleScript	ServerScriptService.Services.NPC.NPCDriverService.spec	ServerScriptService/Services/NPC/NPCDriverService/spec.luau
4165	ModuleScript	ServerScriptService.Services.NPC.NPCWalkingService	ServerScriptService/Services/NPC/NPCWalkingService.luau
4166	ModuleScript	ServerScriptService.Services.NPC.NPCWalkingService.spec	ServerScriptService/Services/NPC/NPCWalkingService/spec.luau
4167	ModuleScript	ServerScriptService.Services.NPC.VehicleFactory	ServerScriptService/Services/NPC/VehicleFactory.luau
4139	ModuleScript	ServerScriptService.Services.Road.RoadHistoryService	ServerScriptService/Services/Road/RoadHistoryService.luau
4140	ModuleScript	ServerScriptService.Services.Road.RoadReplicationService	ServerScriptService/Services/Road/RoadReplicationService.luau
4142	ModuleScript	ServerScriptService.Services.Road.RoadSerializer	ServerScriptService/Services/Road/RoadSerializer.luau
4143	ModuleScript	ServerScriptService.Services.Road.RoadSerializer.spec	ServerScriptService/Services/Road/RoadSerializer/spec.luau
4138	ModuleScript	ServerScriptService.Services.Road.RoadService	ServerScriptService/Services/Road/RoadService.luau
4141	ModuleScript	ServerScriptService.Services.Road.RoadTurnPermissionStore	ServerScriptService/Services/Road/RoadTurnPermissionStore.luau
4193	ModuleScript	ServerScriptService.Services.Terrain.TerrainDataService	ServerScriptService/Services/Terrain/TerrainDataService.luau
4190	ModuleScript	ServerScriptService.Services.Terrain.TerrainEditService	ServerScriptService/Services/Terrain/TerrainEditService.luau
4194	ModuleScript	ServerScriptService.Services.Terrain.TerrainGradeService	ServerScriptService/Services/Terrain/TerrainGradeService.luau
4197	ModuleScript	ServerScriptService.Services.Terrain.TerrainGradeService.spec	ServerScriptService/Services/Terrain/TerrainGradeService/spec.luau
4196	ModuleScript	ServerScriptService.Services.Terrain.TerrainOverlayLedger	ServerScriptService/Services/Terrain/TerrainOverlayLedger.luau
4195	ModuleScript	ServerScriptService.Services.Terrain.TerrainPadService	ServerScriptService/Services/Terrain/TerrainPadService.luau
4198	ModuleScript	ServerScriptService.Services.Terrain.TerrainPadService.spec	ServerScriptService/Services/Terrain/TerrainPadService/spec.luau
4191	ModuleScript	ServerScriptService.Services.Terrain.TerrainPersistence	ServerScriptService/Services/Terrain/TerrainPersistence.luau
4192	ModuleScript	ServerScriptService.Services.Terrain.TerrainPersistence.spec	ServerScriptService/Services/Terrain/TerrainPersistence/spec.luau
4189	ModuleScript	ServerScriptService.Services.Terrain.TerrainRenderer	ServerScriptService/Services/Terrain/TerrainRenderer.luau
4179	ModuleScript	ServerScriptService.Services.Traffic.IntersectionDetector	ServerScriptService/Services/Traffic/IntersectionDetector.luau
4180	ModuleScript	ServerScriptService.Services.Traffic.IntersectionDetector.spec	ServerScriptService/Services/Traffic/IntersectionDetector/spec.luau
4185	ModuleScript	ServerScriptService.Services.Traffic.SignalCoordinator	ServerScriptService/Services/Traffic/SignalCoordinator.luau
4186	ModuleScript	ServerScriptService.Services.Traffic.SignalCoordinator.spec	ServerScriptService/Services/Traffic/SignalCoordinator/spec.luau
4181	ModuleScript	ServerScriptService.Services.Traffic.SignalPhaseBuilder	ServerScriptService/Services/Traffic/SignalPhaseBuilder.luau
4182	ModuleScript	ServerScriptService.Services.Traffic.SignalPhaseBuilder.spec	ServerScriptService/Services/Traffic/SignalPhaseBuilder/spec.luau
4184	ModuleScript	ServerScriptService.Services.Traffic.SignalPlanStore	ServerScriptService/Services/Traffic/SignalPlanStore.luau
4187	ModuleScript	ServerScriptService.Services.Traffic.SignalReplicationService	ServerScriptService/Services/Traffic/SignalReplicationService.luau
4178	ModuleScript	ServerScriptService.Services.Traffic.TrafficConfig	ServerScriptService/Services/Traffic/TrafficConfig.luau
4183	ModuleScript	ServerScriptService.Services.Traffic.TrafficLightPlacer	ServerScriptService/Services/Traffic/TrafficLightPlacer.luau
4175	ModuleScript	ServerScriptService.Services.Traffic.TrafficSignalService	ServerScriptService/Services/Traffic/TrafficSignalService.luau
4176	ModuleScript	ServerScriptService.Services.Traffic.TrafficSignalService.TestFixture	ServerScriptService/Services/Traffic/TrafficSignalService/TestFixture.luau
4177	ModuleScript	ServerScriptService.Services.Traffic.TrafficSignalService.spec	ServerScriptService/Services/Traffic/TrafficSignalService/spec.luau
4202	ModuleScript	ServerScriptService.Services.Transit.BusDispatchService	ServerScriptService/Services/Transit/BusDispatchService.luau
4206	ModuleScript	ServerScriptService.Services.Transit.TrainBuildingModel	ServerScriptService/Services/Transit/TrainBuildingModel.luau
4204	ModuleScript	ServerScriptService.Services.Transit.TrainDispatchService	ServerScriptService/Services/Transit/TrainDispatchService.luau
4205	ModuleScript	ServerScriptService.Services.Transit.TrainDispatchService.spec	ServerScriptService/Services/Transit/TrainDispatchService/spec.luau
4203	ModuleScript	ServerScriptService.Services.Transit.TransitBuildingModel	ServerScriptService/Services/Transit/TransitBuildingModel.luau
4207	ModuleScript	ServerScriptService.Services.Transit.TransitKitModel	ServerScriptService/Services/Transit/TransitKitModel.luau
4200	ModuleScript	ServerScriptService.Services.Transit.TransitService	ServerScriptService/Services/Transit/TransitService.luau
4201	ModuleScript	ServerScriptService.Services.Transit.TransitService.spec	ServerScriptService/Services/Transit/TransitService/spec.luau
4171	ModuleScript	ServerScriptService.Services.Util.PathFollower	ServerScriptService/Services/Util/PathFollower.luau
4172	ModuleScript	ServerScriptService.Services.Util.PathFollower.spec	ServerScriptService/Services/Util/PathFollower/spec.luau
4173	ModuleScript	ServerScriptService.Services.Util.Telemetry	ServerScriptService/Services/Util/Telemetry.luau
4231	ModuleScript	ServerScriptService.Tests.DrawCallProbe	ServerScriptService/Tests/DrawCallProbe.luau
4230	ModuleScript	ServerScriptService.Tests.PropLODReport	ServerScriptService/Tests/PropLODReport.luau
4229	ModuleScript	ServerScriptService.Tests.SpecRunner	ServerScriptService/Tests/SpecRunner.luau
4390	ModuleScript	ServerStorage.Authoring.CommercialLowSetup	ServerStorage/Authoring/CommercialLowSetup.luau
4394	ModuleScript	ServerStorage.Authoring.CommercialV2Setup	ServerStorage/Authoring/CommercialV2Setup.luau
4395	ModuleScript	ServerStorage.Authoring.HouseV2Setup	ServerStorage/Authoring/HouseV2Setup.luau
4391	ModuleScript	ServerStorage.Authoring.IndustrialSetup	ServerStorage/Authoring/IndustrialSetup.luau
4388	ModuleScript	ServerStorage.Authoring.MidRiseKitSetup	ServerStorage/Authoring/MidRiseKitSetup.luau
4389	ModuleScript	ServerStorage.Authoring.MidRiseKitSetup.Manifest	ServerStorage/Authoring/MidRiseKitSetup/Manifest.luau
4392	ModuleScript	ServerStorage.Authoring.MidRiseV2Setup	ServerStorage/Authoring/MidRiseV2Setup.luau
4393	ModuleScript	ServerStorage.Authoring.PropKitSetup	ServerStorage/Authoring/PropKitSetup.luau
4234	ModuleScript	ServerStorage.Authoring.SimpleBuildingBuilder	ServerStorage/Authoring/SimpleBuildingBuilder.luau
4396	ModuleScript	ServerStorage.Authoring.TransitSetup	ServerStorage/Authoring/TransitSetup.luau
109356	ModuleScript	ServerStorage.PropsRetired.BuildingProps.ACUnits.ACUnitCatalog	ServerStorage/PropsRetired/BuildingProps/ACUnits/ACUnitCatalog.luau
109357	ModuleScript	ServerStorage.PropsRetired.BuildingProps.ACUnits.ACUnitCatalog.spec	ServerStorage/PropsRetired/BuildingProps/ACUnits/ACUnitCatalog/spec.luau
109208	ModuleScript	ServerStorage.PropsRetired.BuildingProps.Awnings.RetractableAwning.ProceduralGeneration	ServerStorage/PropsRetired/BuildingProps/Awnings/RetractableAwning/ProceduralGeneration.luau
109210	ModuleScript	ServerStorage.PropsRetired.BuildingProps.Awnings.RetractableAwning.ProceduralGeneration.Dependencies.ConstructiveSolidGeometry	ServerStorage/PropsRetired/BuildingProps/Awnings/RetractableAwning/ProceduralGeneration/Dependencies/ConstructiveSolidGeometry.luau
109211	ModuleScript	ServerStorage.PropsRetired.BuildingProps.Awnings.RetractableAwning.ProceduralGeneration.Dependencies.GeometryPrimitives	ServerStorage/PropsRetired/BuildingProps/Awnings/RetractableAwning/ProceduralGeneration/Dependencies/GeometryPrimitives.luau
109213	ModuleScript	ServerStorage.PropsRetired.BuildingProps.Awnings.RetractableAwning.ProceduralGeneration.Dependencies.MathUtils	ServerStorage/PropsRetired/BuildingProps/Awnings/RetractableAwning/ProceduralGeneration/Dependencies/MathUtils.luau
109212	ModuleScript	ServerStorage.PropsRetired.BuildingProps.Awnings.RetractableAwning.ProceduralGeneration.Dependencies.SmartObject	ServerStorage/PropsRetired/BuildingProps/Awnings/RetractableAwning/ProceduralGeneration/Dependencies/SmartObject.luau
108332	ModuleScript	ServerStorage.PropsRetired.PropCatalog.PropCatalog	ServerStorage/PropsRetired/PropCatalog/PropCatalog.luau
108333	ModuleScript	ServerStorage.PropsRetired.PropCatalog.PropCatalog.spec	ServerStorage/PropsRetired/PropCatalog/PropCatalog/spec.luau
35660	ModuleScript	ServerStorage.StaffUI.StaffTools.AdminController	ServerStorage/StaffUI/StaffTools/AdminController.luau
35665	ModuleScript	ServerStorage.StaffUI.StaffTools.BadAppleOutline	ServerStorage/StaffUI/StaffTools/BadAppleOutline.luau
35664	ModuleScript	ServerStorage.StaffUI.StaffTools.BadAppleRoadTile	ServerStorage/StaffUI/StaffTools/BadAppleRoadTile.luau
35663	ModuleScript	ServerStorage.StaffUI.StaffTools.BadAppleShow	ServerStorage/StaffUI/StaffTools/BadAppleShow.luau
35669	ModuleScript	ServerStorage.StaffUI.StaffTools.CameraSpline	ServerStorage/StaffUI/StaffTools/CameraSpline.luau
35670	ModuleScript	ServerStorage.StaffUI.StaffTools.CameraSpline.spec	ServerStorage/StaffUI/StaffTools/CameraSpline/spec.luau
35667	ModuleScript	ServerStorage.StaffUI.StaffTools.CinematicCamera	ServerStorage/StaffUI/StaffTools/CinematicCamera.luau
35661	ModuleScript	ServerStorage.StaffUI.StaffTools.DeveloperController	ServerStorage/StaffUI/StaffTools/DeveloperController.luau
35666	LocalScript	ServerStorage.StaffUI.StaffTools.StaffBoot	ServerStorage/StaffUI/StaffTools/StaffBoot.client.luau
35668	ModuleScript	ServerStorage.StaffUI.StaffTools.TrailerShots	ServerStorage/StaffUI/StaffTools/TrailerShots.luau
35662	ModuleScript	ServerStorage.StaffUI.StaffTools.UIOverlapAudit	ServerStorage/StaffUI/StaffTools/UIOverlapAudit.luau
124	LocalScript	StarterPlayer.StarterPlayerScripts.Bootstrap.Bootstrap	StarterPlayer/StarterPlayerScripts/Bootstrap/Bootstrap.client.luau
87	ModuleScript	StarterPlayer.StarterPlayerScripts.Controllers.BottomBarController	StarterPlayer/StarterPlayerScripts/Controllers/BottomBarController.luau
115	ModuleScript	StarterPlayer.StarterPlayerScripts.Controllers.BuildRail	StarterPlayer/StarterPlayerScripts/Controllers/BuildRail.luau
90	ModuleScript	StarterPlayer.StarterPlayerScripts.Controllers.BulldozeController	StarterPlayer/StarterPlayerScripts/Controllers/BulldozeController.luau
112	ModuleScript	StarterPlayer.StarterPlayerScripts.Controllers.ColorPanel	StarterPlayer/StarterPlayerScripts/Controllers/ColorPanel.luau
103	ModuleScript	StarterPlayer.StarterPlayerScripts.Controllers.CoverageOverlay	StarterPlayer/StarterPlayerScripts/Controllers/CoverageOverlay.luau
109	ModuleScript	StarterPlayer.StarterPlayerScripts.Controllers.CoverageOverlay_live	StarterPlayer/StarterPlayerScripts/Controllers/CoverageOverlay_live.luau
106	ModuleScript	StarterPlayer.StarterPlayerScripts.Controllers.CreationPlacementController	StarterPlayer/StarterPlayerScripts/Controllers/CreationPlacementController.luau
88	ModuleScript	StarterPlayer.StarterPlayerScripts.Controllers.DeleteHoverController	StarterPlayer/StarterPlayerScripts/Controllers/DeleteHoverController.luau
101	ModuleScript	StarterPlayer.StarterPlayerScripts.Controllers.EditorController	StarterPlayer/StarterPlayerScripts/Controllers/EditorController.luau
99	ModuleScript	StarterPlayer.StarterPlayerScripts.Controllers.EditorGizmos	StarterPlayer/StarterPlayerScripts/Controllers/EditorGizmos.luau
100	ModuleScript	StarterPlayer.StarterPlayerScripts.Controllers.EditorGizmos.spec	StarterPlayer/StarterPlayerScripts/Controllers/EditorGizmos/spec.luau
93	ModuleScript	StarterPlayer.StarterPlayerScripts.Controllers.EmergencyPlacementController	StarterPlayer/StarterPlayerScripts/Controllers/EmergencyPlacementController.luau
105	ModuleScript	StarterPlayer.StarterPlayerScripts.Controllers.GhostPlacement	StarterPlayer/StarterPlayerScripts/Controllers/GhostPlacement.luau
119	ModuleScript	StarterPlayer.StarterPlayerScripts.Controllers.GridPicker	StarterPlayer/StarterPlayerScripts/Controllers/GridPicker.luau
102	ModuleScript	StarterPlayer.StarterPlayerScripts.Controllers.HeatmapController	StarterPlayer/StarterPlayerScripts/Controllers/HeatmapController.luau
120	ModuleScript	StarterPlayer.StarterPlayerScripts.Controllers.JunctionLightTool	StarterPlayer/StarterPlayerScripts/Controllers/JunctionLightTool.luau
121	ModuleScript	StarterPlayer.StarterPlayerScripts.Controllers.LaneConnectorTool	StarterPlayer/StarterPlayerScripts/Controllers/LaneConnectorTool.luau
98	ModuleScript	StarterPlayer.StarterPlayerScripts.Controllers.NatureFreePlaceMode	StarterPlayer/StarterPlayerScripts/Controllers/NatureFreePlaceMode.luau
107	ModuleScript	StarterPlayer.StarterPlayerScripts.Controllers.NatureGizmo	StarterPlayer/StarterPlayerScripts/Controllers/NatureGizmo.luau
97	ModuleScript	StarterPlayer.StarterPlayerScripts.Controllers.NaturePlacementController	StarterPlayer/StarterPlayerScripts/Controllers/NaturePlacementController.luau
113	ModuleScript	StarterPlayer.StarterPlayerScripts.Controllers.NatureSelection	StarterPlayer/StarterPlayerScripts/Controllers/NatureSelection.luau
114	ModuleScript	StarterPlayer.StarterPlayerScripts.Controllers.NatureSelection.spec	StarterPlayer/StarterPlayerScripts/Controllers/NatureSelection/spec.luau
96	ModuleScript	StarterPlayer.StarterPlayerScripts.Controllers.PlotController	StarterPlayer/StarterPlayerScripts/Controllers/PlotController.luau
108	ModuleScript	StarterPlayer.StarterPlayerScripts.Controllers.PowerLineController	StarterPlayer/StarterPlayerScripts/Controllers/PowerLineController.luau
111	ModuleScript	StarterPlayer.StarterPlayerScripts.Controllers.PreciseBuildPanel	StarterPlayer/StarterPlayerScripts/Controllers/PreciseBuildPanel.luau
118	ModuleScript	StarterPlayer.StarterPlayerScripts.Controllers.PropPaintTool	StarterPlayer/StarterPlayerScripts/Controllers/PropPaintTool.luau
92	ModuleScript	StarterPlayer.StarterPlayerScripts.Controllers.RoadDockPanel	StarterPlayer/StarterPlayerScripts/Controllers/RoadDockPanel.luau
85	ModuleScript	StarterPlayer.StarterPlayerScripts.Controllers.RoadGhostPreviewController	StarterPlayer/StarterPlayerScripts/Controllers/RoadGhostPreviewController.luau
104	ModuleScript	StarterPlayer.StarterPlayerScripts.Controllers.RoadMoveController	StarterPlayer/StarterPlayerScripts/Controllers/RoadMoveController.luau
82	ModuleScript	StarterPlayer.StarterPlayerScripts.Controllers.RoadPlacementController	StarterPlayer/StarterPlayerScripts/Controllers/RoadPlacementController.luau
84	ModuleScript	StarterPlayer.StarterPlayerScripts.Controllers.RoadPlacementSnapper	StarterPlayer/StarterPlayerScripts/Controllers/RoadPlacementSnapper.luau
89	ModuleScript	StarterPlayer.StarterPlayerScripts.Controllers.SchoolPlacementController	StarterPlayer/StarterPlayerScripts/Controllers/SchoolPlacementController.luau
95	ModuleScript	StarterPlayer.StarterPlayerScripts.Controllers.SeasonController	StarterPlayer/StarterPlayerScripts/Controllers/SeasonController.luau
83	ModuleScript	StarterPlayer.StarterPlayerScripts.Controllers.TerrainEditController	StarterPlayer/StarterPlayerScripts/Controllers/TerrainEditController.luau
91	ModuleScript	StarterPlayer.StarterPlayerScripts.Controllers.TerrainPanelController	StarterPlayer/StarterPlayerScripts/Controllers/TerrainPanelController.luau
117	ModuleScript	StarterPlayer.StarterPlayerScripts.Controllers.TerritoryController	StarterPlayer/StarterPlayerScripts/Controllers/TerritoryController.luau
116	ModuleScript	StarterPlayer.StarterPlayerScripts.Controllers.ToolRail	StarterPlayer/StarterPlayerScripts/Controllers/ToolRail.luau
86	ModuleScript	StarterPlayer.StarterPlayerScripts.Controllers.ToolStripController	StarterPlayer/StarterPlayerScripts/Controllers/ToolStripController.luau
94	ModuleScript	StarterPlayer.StarterPlayerScripts.Controllers.TransitPlacementController	StarterPlayer/StarterPlayerScripts/Controllers/TransitPlacementController.luau
122	ModuleScript	StarterPlayer.StarterPlayerScripts.Controllers.UndergroundView	StarterPlayer/StarterPlayerScripts/Controllers/UndergroundView.luau
110	ModuleScript	StarterPlayer.StarterPlayerScripts.Controllers.WaterPipeController	StarterPlayer/StarterPlayerScripts/Controllers/WaterPipeController.luau
133	ModuleScript	StarterPlayer.StarterPlayerScripts.Core.AutoSave	StarterPlayer/StarterPlayerScripts/Core/AutoSave.luau
127	ModuleScript	StarterPlayer.StarterPlayerScripts.Core.CacheSync	StarterPlayer/StarterPlayerScripts/Core/CacheSync.luau
134	ModuleScript	StarterPlayer.StarterPlayerScripts.Core.CursorRay	StarterPlayer/StarterPlayerScripts/Core/CursorRay.luau
135	ModuleScript	StarterPlayer.StarterPlayerScripts.Core.CursorRay.spec	StarterPlayer/StarterPlayerScripts/Core/CursorRay/spec.luau
137	ModuleScript	StarterPlayer.StarterPlayerScripts.Core.DeviceProfile	StarterPlayer/StarterPlayerScripts/Core/DeviceProfile.luau
126	ModuleScript	StarterPlayer.StarterPlayerScripts.Core.FreeCamController	StarterPlayer/StarterPlayerScripts/Core/FreeCamController.luau
138	ModuleScript	StarterPlayer.StarterPlayerScripts.Core.RenderPressure	StarterPlayer/StarterPlayerScripts/Core/RenderPressure.luau
130	ModuleScript	StarterPlayer.StarterPlayerScripts.Core.Settings	StarterPlayer/StarterPlayerScripts/Core/Settings.luau
131	ModuleScript	StarterPlayer.StarterPlayerScripts.Core.Settings.spec	StarterPlayer/StarterPlayerScripts/Core/Settings/spec.luau
132	ModuleScript	StarterPlayer.StarterPlayerScripts.Core.SettingsClient	StarterPlayer/StarterPlayerScripts/Core/SettingsClient.luau
129	ModuleScript	StarterPlayer.StarterPlayerScripts.Core.SoundFX	StarterPlayer/StarterPlayerScripts/Core/SoundFX.luau
128	ModuleScript	StarterPlayer.StarterPlayerScripts.Core.TransitClient	StarterPlayer/StarterPlayerScripts/Core/TransitClient.luau
136	ModuleScript	StarterPlayer.StarterPlayerScripts.Core.UiScratch	StarterPlayer/StarterPlayerScripts/Core/UiScratch.luau
226	LocalScript	StarterPlayer.StarterPlayerScripts.Debug.IconDiag	StarterPlayer/StarterPlayerScripts/Debug/IconDiag.client.luau
180	ModuleScript	StarterPlayer.StarterPlayerScripts.HUD.BankruptcyController	StarterPlayer/StarterPlayerScripts/HUD/BankruptcyController.luau
179	ModuleScript	StarterPlayer.StarterPlayerScripts.HUD.BuildingInfoController	StarterPlayer/StarterPlayerScripts/HUD/BuildingInfoController.luau
183	ModuleScript	StarterPlayer.StarterPlayerScripts.HUD.CityStatsController	StarterPlayer/StarterPlayerScripts/HUD/CityStatsController.luau
194	ModuleScript	StarterPlayer.StarterPlayerScripts.HUD.CityVitalsPanel	StarterPlayer/StarterPlayerScripts/HUD/CityVitalsPanel.luau
177	ModuleScript	StarterPlayer.StarterPlayerScripts.HUD.DashboardController	StarterPlayer/StarterPlayerScripts/HUD/DashboardController.luau
181	ModuleScript	StarterPlayer.StarterPlayerScripts.HUD.EconomyPanelController	StarterPlayer/StarterPlayerScripts/HUD/EconomyPanelController.luau
190	ModuleScript	StarterPlayer.StarterPlayerScripts.HUD.ElectricityPanelController	StarterPlayer/StarterPlayerScripts/HUD/ElectricityPanelController.luau
186	ModuleScript	StarterPlayer.StarterPlayerScripts.HUD.FloatingCostEffect	StarterPlayer/StarterPlayerScripts/HUD/FloatingCostEffect.luau
193	ModuleScript	StarterPlayer.StarterPlayerScripts.HUD.GameMenuController	StarterPlayer/StarterPlayerScripts/HUD/GameMenuController.luau
178	ModuleScript	StarterPlayer.StarterPlayerScripts.HUD.NotificationController	StarterPlayer/StarterPlayerScripts/HUD/NotificationController.luau
184	ModuleScript	StarterPlayer.StarterPlayerScripts.HUD.PlacementCostHud	StarterPlayer/StarterPlayerScripts/HUD/PlacementCostHud.luau
188	ModuleScript	StarterPlayer.StarterPlayerScripts.HUD.PlayerHubController	StarterPlayer/StarterPlayerScripts/HUD/PlayerHubController.luau
185	ModuleScript	StarterPlayer.StarterPlayerScripts.HUD.ProgressionController	StarterPlayer/StarterPlayerScripts/HUD/ProgressionController.luau
187	ModuleScript	StarterPlayer.StarterPlayerScripts.HUD.RadioController	StarterPlayer/StarterPlayerScripts/HUD/RadioController.luau
189	ModuleScript	StarterPlayer.StarterPlayerScripts.HUD.RoadInfoController	StarterPlayer/StarterPlayerScripts/HUD/RoadInfoController.luau
192	ModuleScript	StarterPlayer.StarterPlayerScripts.HUD.TopLeftCluster	StarterPlayer/StarterPlayerScripts/HUD/TopLeftCluster.luau
195	ModuleScript	StarterPlayer.StarterPlayerScripts.HUD.TransitInfoController	StarterPlayer/StarterPlayerScripts/HUD/TransitInfoController.luau
182	ModuleScript	StarterPlayer.StarterPlayerScripts.HUD.TransportOverviewController	StarterPlayer/StarterPlayerScripts/HUD/TransportOverviewController.luau
191	ModuleScript	StarterPlayer.StarterPlayerScripts.HUD.WaterPanelController	StarterPlayer/StarterPlayerScripts/HUD/WaterPanelController.luau
79	LocalScript	StarterPlayer.StarterPlayerScripts.SeasonTintClient	StarterPlayer/StarterPlayerScripts/SeasonTintClient.client.luau
151	ModuleScript	StarterPlayer.StarterPlayerScripts.UI.Format	StarterPlayer/StarterPlayerScripts/UI/Format.luau
152	ModuleScript	StarterPlayer.StarterPlayerScripts.UI.Format.spec	StarterPlayer/StarterPlayerScripts/UI/Format/spec.luau
144	ModuleScript	StarterPlayer.StarterPlayerScripts.UI.HubTheme	StarterPlayer/StarterPlayerScripts/UI/HubTheme.luau
143	ModuleScript	StarterPlayer.StarterPlayerScripts.UI.HudScale	StarterPlayer/StarterPlayerScripts/UI/HudScale.luau
142	ModuleScript	StarterPlayer.StarterPlayerScripts.UI.Icons	StarterPlayer/StarterPlayerScripts/UI/Icons.luau
169	ModuleScript	StarterPlayer.StarterPlayerScripts.UI.Kit.BuildCard	StarterPlayer/StarterPlayerScripts/UI/Kit/BuildCard.luau
154	ModuleScript	StarterPlayer.StarterPlayerScripts.UI.Kit.Button	StarterPlayer/StarterPlayerScripts/UI/Kit/Button.luau
157	ModuleScript	StarterPlayer.StarterPlayerScripts.UI.Kit.Divider	StarterPlayer/StarterPlayerScripts/UI/Kit/Divider.luau
163	ModuleScript	StarterPlayer.StarterPlayerScripts.UI.Kit.Dock	StarterPlayer/StarterPlayerScripts/UI/Kit/Dock.luau
164	ModuleScript	StarterPlayer.StarterPlayerScripts.UI.Kit.DockWindow	StarterPlayer/StarterPlayerScripts/UI/Kit/DockWindow.luau
167	ModuleScript	StarterPlayer.StarterPlayerScripts.UI.Kit.Dropdown	StarterPlayer/StarterPlayerScripts/UI/Kit/Dropdown.luau
168	ModuleScript	StarterPlayer.StarterPlayerScripts.UI.Kit.Frost	StarterPlayer/StarterPlayerScripts/UI/Kit/Frost.luau
162	ModuleScript	StarterPlayer.StarterPlayerScripts.UI.Kit.Glass	StarterPlayer/StarterPlayerScripts/UI/Kit/Glass.luau
155	ModuleScript	StarterPlayer.StarterPlayerScripts.UI.Kit.IconButton	StarterPlayer/StarterPlayerScripts/UI/Kit/IconButton.luau
161	ModuleScript	StarterPlayer.StarterPlayerScripts.UI.Kit.Modal	StarterPlayer/StarterPlayerScripts/UI/Kit/Modal.luau
156	ModuleScript	StarterPlayer.StarterPlayerScripts.UI.Kit.Panel	StarterPlayer/StarterPlayerScripts/UI/Kit/Panel.luau
160	ModuleScript	StarterPlayer.StarterPlayerScripts.UI.Kit.Popover	StarterPlayer/StarterPlayerScripts/UI/Kit/Popover.luau
165	ModuleScript	StarterPlayer.StarterPlayerScripts.UI.Kit.Slider	StarterPlayer/StarterPlayerScripts/UI/Kit/Slider.luau
158	ModuleScript	StarterPlayer.StarterPlayerScripts.UI.Kit.Tab	StarterPlayer/StarterPlayerScripts/UI/Kit/Tab.luau
166	ModuleScript	StarterPlayer.StarterPlayerScripts.UI.Kit.Toggle	StarterPlayer/StarterPlayerScripts/UI/Kit/Toggle.luau
159	ModuleScript	StarterPlayer.StarterPlayerScripts.UI.Kit.Tooltip	StarterPlayer/StarterPlayerScripts/UI/Kit/Tooltip.luau
147	ModuleScript	StarterPlayer.StarterPlayerScripts.UI.Locale	StarterPlayer/StarterPlayerScripts/UI/Locale.luau
171	ModuleScript	StarterPlayer.StarterPlayerScripts.UI.MainMenu.MainMenuController	StarterPlayer/StarterPlayerScripts/UI/MainMenu/MainMenuController.luau
175	ModuleScript	StarterPlayer.StarterPlayerScripts.UI.MainMenu.MenuReel	StarterPlayer/StarterPlayerScripts/UI/MainMenu/MenuReel.luau
174	ModuleScript	StarterPlayer.StarterPlayerScripts.UI.MainMenu.UpdateLogBuilder	StarterPlayer/StarterPlayerScripts/UI/MainMenu/UpdateLogBuilder.luau
173	ModuleScript	StarterPlayer.StarterPlayerScripts.UI.MainMenu.UpdateLogData	StarterPlayer/StarterPlayerScripts/UI/MainMenu/UpdateLogData.luau
172	ModuleScript	StarterPlayer.StarterPlayerScripts.UI.MainMenu.UpdateLogsPanel	StarterPlayer/StarterPlayerScripts/UI/MainMenu/UpdateLogsPanel.luau
149	ModuleScript	StarterPlayer.StarterPlayerScripts.UI.PanelSlots	StarterPlayer/StarterPlayerScripts/UI/PanelSlots.luau
146	ModuleScript	StarterPlayer.StarterPlayerScripts.UI.PerfOverlay	StarterPlayer/StarterPlayerScripts/UI/PerfOverlay.luau
145	ModuleScript	StarterPlayer.StarterPlayerScripts.UI.SettingsPanel	StarterPlayer/StarterPlayerScripts/UI/SettingsPanel.luau
140	ModuleScript	StarterPlayer.StarterPlayerScripts.UI.Theme	StarterPlayer/StarterPlayerScripts/UI/Theme.luau
148	ModuleScript	StarterPlayer.StarterPlayerScripts.UI.TopbarDock	StarterPlayer/StarterPlayerScripts/UI/TopbarDock.luau
141	ModuleScript	StarterPlayer.StarterPlayerScripts.UI.UITween	StarterPlayer/StarterPlayerScripts/UI/UITween.luau
150	LocalScript	StarterPlayer.StarterPlayerScripts.UI.UIVisibility	StarterPlayer/StarterPlayerScripts/UI/UIVisibility.client.luau
229	ModuleScript	StarterPlayer.StarterPlayerScripts.UICreation.EditorView	StarterPlayer/StarterPlayerScripts/UICreation/EditorView.luau
228	ModuleScript	StarterPlayer.StarterPlayerScripts.UICreation.MainMenuView	StarterPlayer/StarterPlayerScripts/UICreation/MainMenuView.luau
230	ModuleScript	StarterPlayer.StarterPlayerScripts.UICreation.MenuScreenView	StarterPlayer/StarterPlayerScripts/UICreation/MenuScreenView.luau
80	LocalScript	StarterPlayer.StarterPlayerScripts.WeatherClient	StarterPlayer/StarterPlayerScripts/WeatherClient.client.luau
208	ModuleScript	StarterPlayer.StarterPlayerScripts.World.AmbienceController	StarterPlayer/StarterPlayerScripts/World/AmbienceController.luau
224	ModuleScript	StarterPlayer.StarterPlayerScripts.World.AmbientCityView	StarterPlayer/StarterPlayerScripts/World/AmbientCityView.luau
212	ModuleScript	StarterPlayer.StarterPlayerScripts.World.AssetLODView	StarterPlayer/StarterPlayerScripts/World/AssetLODView.luau
223	ModuleScript	StarterPlayer.StarterPlayerScripts.World.CitizenAvatarView	StarterPlayer/StarterPlayerScripts/World/CitizenAvatarView.luau
200	ModuleScript	StarterPlayer.StarterPlayerScripts.World.CitizenPresenceView	StarterPlayer/StarterPlayerScripts/World/CitizenPresenceView.luau
202	ModuleScript	StarterPlayer.StarterPlayerScripts.World.ConstructionViewController	StarterPlayer/StarterPlayerScripts/World/ConstructionViewController.luau
201	ModuleScript	StarterPlayer.StarterPlayerScripts.World.FireView	StarterPlayer/StarterPlayerScripts/World/FireView.luau
197	ModuleScript	StarterPlayer.StarterPlayerScripts.World.NPCDriverView	StarterPlayer/StarterPlayerScripts/World/NPCDriverView.luau
198	ModuleScript	StarterPlayer.StarterPlayerScripts.World.NPCDriverView.spec	StarterPlayer/StarterPlayerScripts/World/NPCDriverView/spec.luau
216	ModuleScript	StarterPlayer.StarterPlayerScripts.World.NoPowerView	StarterPlayer/StarterPlayerScripts/World/NoPowerView.luau
213	ModuleScript	StarterPlayer.StarterPlayerScripts.World.NodeToolView	StarterPlayer/StarterPlayerScripts/World/NodeToolView.luau
206	ModuleScript	StarterPlayer.StarterPlayerScripts.World.OneWayDirectionView	StarterPlayer/StarterPlayerScripts/World/OneWayDirectionView.luau
204	ModuleScript	StarterPlayer.StarterPlayerScripts.World.OutsideConnectionView	StarterPlayer/StarterPlayerScripts/World/OutsideConnectionView.luau
199	ModuleScript	StarterPlayer.StarterPlayerScripts.World.PedestrianView	StarterPlayer/StarterPlayerScripts/World/PedestrianView.luau
215	ModuleScript	StarterPlayer.StarterPlayerScripts.World.PlayerPresenceView	StarterPlayer/StarterPlayerScripts/World/PlayerPresenceView.luau
207	ModuleScript	StarterPlayer.StarterPlayerScripts.World.RoadMeshView	StarterPlayer/StarterPlayerScripts/World/RoadMeshView.luau
222	ModuleScript	StarterPlayer.StarterPlayerScripts.World.RoadPieces	StarterPlayer/StarterPlayerScripts/World/RoadPieces.luau
214	ModuleScript	StarterPlayer.StarterPlayerScripts.World.SignalToolView	StarterPlayer/StarterPlayerScripts/World/SignalToolView.luau
220	ModuleScript	StarterPlayer.StarterPlayerScripts.World.SkyLightingView	StarterPlayer/StarterPlayerScripts/World/SkyLightingView.luau
221	ModuleScript	StarterPlayer.StarterPlayerScripts.World.SkyLightingView.spec	StarterPlayer/StarterPlayerScripts/World/SkyLightingView/spec.luau
211	ModuleScript	StarterPlayer.StarterPlayerScripts.World.StreetNameView	StarterPlayer/StarterPlayerScripts/World/StreetNameView.luau
218	ModuleScript	StarterPlayer.StarterPlayerScripts.World.TrafficJamView	StarterPlayer/StarterPlayerScripts/World/TrafficJamView.luau
219	ModuleScript	StarterPlayer.StarterPlayerScripts.World.TrafficJamView.spec	StarterPlayer/StarterPlayerScripts/World/TrafficJamView/spec.luau
203	ModuleScript	StarterPlayer.StarterPlayerScripts.World.TrafficSignView	StarterPlayer/StarterPlayerScripts/World/TrafficSignView.luau
205	ModuleScript	StarterPlayer.StarterPlayerScripts.World.WaterView	StarterPlayer/StarterPlayerScripts/World/WaterView.luau
210	ModuleScript	StarterPlayer.StarterPlayerScripts.World.WindTurbineView	StarterPlayer/StarterPlayerScripts/World/WindTurbineView.luau
209	ModuleScript	StarterPlayer.StarterPlayerScripts.World.WindowLightsView	StarterPlayer/StarterPlayerScripts/World/WindowLightsView.luau
217	ModuleScript	StarterPlayer.StarterPlayerScripts.World.WorldRevealController	StarterPlayer/StarterPlayerScripts/World/WorldRevealController.luau