ReplicatedFirst.LoadingController	LocalScript	ReplicatedFirst.LoadingController.client.luau
ReplicatedFirst.LoadingController.LoadingView	ModuleScript	ReplicatedFirst.LoadingController.LoadingView.luau
ReplicatedFirst.LoadingController.LoadingView.Transition.spec	ModuleScript	ReplicatedFirst.LoadingController.LoadingView.Transition.spec.luau
ReplicatedStorage.Access.CityRoles	ModuleScript	ReplicatedStorage.Access.CityRoles.luau
ReplicatedStorage.Access.CityRoles.spec	ModuleScript	ReplicatedStorage.Access.CityRoles.spec.luau
ReplicatedStorage.Access.PlacesConfig	ModuleScript	ReplicatedStorage.Access.PlacesConfig.luau
ReplicatedStorage.Access.PlacesConfig.spec	ModuleScript	ReplicatedStorage.Access.PlacesConfig.spec.luau
ReplicatedStorage.BadApple.BadAppleFrames	ModuleScript	ReplicatedStorage.BadApple.BadAppleFrames.luau
ReplicatedStorage.City.AddressBook	ModuleScript	ReplicatedStorage.City.AddressBook.luau
ReplicatedStorage.City.AddressBook.spec	ModuleScript	ReplicatedStorage.City.AddressBook.spec.luau
ReplicatedStorage.City.BuildingTextures	ModuleScript	ReplicatedStorage.City.BuildingTextures.luau
ReplicatedStorage.City.CitizenModel	ModuleScript	ReplicatedStorage.City.CitizenModel.luau
ReplicatedStorage.City.CitizenModel.CitizenModel.spec	ModuleScript	ReplicatedStorage.City.CitizenModel.CitizenModel.spec.luau
ReplicatedStorage.City.CitizenWardrobe	ModuleScript	ReplicatedStorage.City.CitizenWardrobe.luau
ReplicatedStorage.City.DevelopmentTree	ModuleScript	ReplicatedStorage.City.DevelopmentTree.luau
ReplicatedStorage.City.FootprintGen	ModuleScript	ReplicatedStorage.City.FootprintGen.luau
ReplicatedStorage.City.MapPresets	ModuleScript	ReplicatedStorage.City.MapPresets.luau
ReplicatedStorage.City.MapPreview	ModuleScript	ReplicatedStorage.City.MapPreview.luau
ReplicatedStorage.City.MapResources	ModuleScript	ReplicatedStorage.City.MapResources.luau
ReplicatedStorage.City.MilestoneUnlocks	ModuleScript	ReplicatedStorage.City.MilestoneUnlocks.luau
ReplicatedStorage.City.MilestoneUnlocks.spec	ModuleScript	ReplicatedStorage.City.MilestoneUnlocks.spec.luau
ReplicatedStorage.City.OutsideConnectionConstants	ModuleScript	ReplicatedStorage.City.OutsideConnectionConstants.luau
ReplicatedStorage.City.OutsideConnectionTypes	ModuleScript	ReplicatedStorage.City.OutsideConnectionTypes.luau
ReplicatedStorage.City.PipeArt	ModuleScript	ReplicatedStorage.City.PipeArt.luau
ReplicatedStorage.City.PlotGeometry	ModuleScript	ReplicatedStorage.City.PlotGeometry.luau
ReplicatedStorage.City.PlotGeometry.PlanningBudget.spec	ModuleScript	ReplicatedStorage.City.PlotGeometry.PlanningBudget.spec.luau
ReplicatedStorage.City.PlotGeometry.PolygonIndex.spec	ModuleScript	ReplicatedStorage.City.PlotGeometry.PolygonIndex.spec.luau
ReplicatedStorage.City.PlotGeometry.RoadIndex.spec	ModuleScript	ReplicatedStorage.City.PlotGeometry.RoadIndex.spec.luau
ReplicatedStorage.City.PlotGeometry.spec	ModuleScript	ReplicatedStorage.City.PlotGeometry.spec.luau
ReplicatedStorage.City.SchoolModel	ModuleScript	ReplicatedStorage.City.SchoolModel.luau
ReplicatedStorage.City.SchoolTypes	ModuleScript	ReplicatedStorage.City.SchoolTypes.luau
ReplicatedStorage.City.ServiceBuildingModel	ModuleScript	ReplicatedStorage.City.ServiceBuildingModel.luau
ReplicatedStorage.City.ServiceTypes	ModuleScript	ReplicatedStorage.City.ServiceTypes.luau
ReplicatedStorage.City.TerritoryGrid	ModuleScript	ReplicatedStorage.City.TerritoryGrid.luau
ReplicatedStorage.City.UIEvents	ModuleScript	ReplicatedStorage.City.UIEvents.luau
ReplicatedStorage.City.WaterImage	ModuleScript	ReplicatedStorage.City.WaterImage.luau
ReplicatedStorage.City.ZoneGrid	ModuleScript	ReplicatedStorage.City.ZoneGrid.luau
ReplicatedStorage.City.ZoneTypes	ModuleScript	ReplicatedStorage.City.ZoneTypes.luau
ReplicatedStorage.DataCache	ModuleScript	ReplicatedStorage.DataCache.luau
ReplicatedStorage.DataCache.spec	ModuleScript	ReplicatedStorage.DataCache.spec.luau
ReplicatedStorage.Editor.CreationBuilder	ModuleScript	ReplicatedStorage.Editor.CreationBuilder.luau
ReplicatedStorage.Editor.CreationBuilder.spec	ModuleScript	ReplicatedStorage.Editor.CreationBuilder.spec.luau
ReplicatedStorage.Editor.CreationCategories	ModuleScript	ReplicatedStorage.Editor.CreationCategories.luau
ReplicatedStorage.Editor.CreationCategories.spec	ModuleScript	ReplicatedStorage.Editor.CreationCategories.spec.luau
ReplicatedStorage.Editor.EditorConfig	ModuleScript	ReplicatedStorage.Editor.EditorConfig.luau
ReplicatedStorage.GameSpeed	ModuleScript	ReplicatedStorage.GameSpeed.luau
ReplicatedStorage.GameSpeed.spec	ModuleScript	ReplicatedStorage.GameSpeed.spec.luau
ReplicatedStorage.Nature.NatureCatalog	ModuleScript	ReplicatedStorage.Nature.NatureCatalog.luau
ReplicatedStorage.NetMiddleware	ModuleScript	ReplicatedStorage.NetMiddleware.luau
ReplicatedStorage.Networker	ModuleScript	ReplicatedStorage.Networker.luau
ReplicatedStorage.Networker.spec	ModuleScript	ReplicatedStorage.Networker.spec.luau
ReplicatedStorage.Road.BezierUtil	ModuleScript	ReplicatedStorage.Road.BezierUtil.luau
ReplicatedStorage.Road.BezierUtil.spec	ModuleScript	ReplicatedStorage.Road.BezierUtil.spec.luau
ReplicatedStorage.Road.BridgeBuilder	ModuleScript	ReplicatedStorage.Road.BridgeBuilder.luau
ReplicatedStorage.Road.DeadEndRenderer	ModuleScript	ReplicatedStorage.Road.DeadEndRenderer.luau
ReplicatedStorage.Road.DriverProfile	ModuleScript	ReplicatedStorage.Road.DriverProfile.luau
ReplicatedStorage.Road.IntersectionRenderer	ModuleScript	ReplicatedStorage.Road.IntersectionRenderer.luau
ReplicatedStorage.Road.IntersectionRenderer.spec	ModuleScript	ReplicatedStorage.Road.IntersectionRenderer.spec.luau
ReplicatedStorage.Road.IntersectionRenderer_specrun	ModuleScript	ReplicatedStorage.Road.IntersectionRenderer_specrun.luau
ReplicatedStorage.Road.IntersectionRenderer_specrun.spec	ModuleScript	ReplicatedStorage.Road.IntersectionRenderer_specrun.spec.luau
ReplicatedStorage.Road.JunctionGroups	ModuleScript	ReplicatedStorage.Road.JunctionGroups.luau
ReplicatedStorage.Road.LaneArrow	ModuleScript	ReplicatedStorage.Road.LaneArrow.luau
ReplicatedStorage.Road.NavCost	ModuleScript	ReplicatedStorage.Road.NavCost.luau
ReplicatedStorage.Road.NavRouter	ModuleScript	ReplicatedStorage.Road.NavRouter.luau
ReplicatedStorage.Road.RegionCatalog	ModuleScript	ReplicatedStorage.Road.RegionCatalog.luau
ReplicatedStorage.Road.RoadBeams	ModuleScript	ReplicatedStorage.Road.RoadBeams.luau
ReplicatedStorage.Road.RoadConstants	ModuleScript	ReplicatedStorage.Road.RoadConstants.luau
ReplicatedStorage.Road.RoadGeometry	ModuleScript	ReplicatedStorage.Road.RoadGeometry.luau
ReplicatedStorage.Road.RoadJunctionSolver	ModuleScript	ReplicatedStorage.Road.RoadJunctionSolver.luau
ReplicatedStorage.Road.RoadJunctionSolver.spec	ModuleScript	ReplicatedStorage.Road.RoadJunctionSolver.spec.luau
ReplicatedStorage.Road.RoadMeshBuilder	ModuleScript	ReplicatedStorage.Road.RoadMeshBuilder.luau
ReplicatedStorage.Road.RoadMeshBuilder.spec	ModuleScript	ReplicatedStorage.Road.RoadMeshBuilder.spec.luau
ReplicatedStorage.Road.RoadMoveGeometry	ModuleScript	ReplicatedStorage.Road.RoadMoveGeometry.luau
ReplicatedStorage.Road.RoadNavigationGraph	ModuleScript	ReplicatedStorage.Road.RoadNavigationGraph.luau
ReplicatedStorage.Road.RoadNavigationGraph.spec	ModuleScript	ReplicatedStorage.Road.RoadNavigationGraph.spec.luau
ReplicatedStorage.Road.RoadNetwork	ModuleScript	ReplicatedStorage.Road.RoadNetwork.luau
ReplicatedStorage.Road.RoadNetwork.spec	ModuleScript	ReplicatedStorage.Road.RoadNetwork.spec.luau
ReplicatedStorage.Road.RoadProfile	ModuleScript	ReplicatedStorage.Road.RoadProfile.luau
ReplicatedStorage.Road.RoadProfile.spec	ModuleScript	ReplicatedStorage.Road.RoadProfile.spec.luau
ReplicatedStorage.Road.RoadProximity	ModuleScript	ReplicatedStorage.Road.RoadProximity.luau
ReplicatedStorage.Road.RoadProximity.spec	ModuleScript	ReplicatedStorage.Road.RoadProximity.spec.luau
ReplicatedStorage.Road.RoadRenderer	ModuleScript	ReplicatedStorage.Road.RoadRenderer.luau
ReplicatedStorage.Road.RoadRules	ModuleScript	ReplicatedStorage.Road.RoadRules.luau
ReplicatedStorage.Road.RoadSceneRenderer	ModuleScript	ReplicatedStorage.Road.RoadSceneRenderer.luau
ReplicatedStorage.Road.RoadSection	ModuleScript	ReplicatedStorage.Road.RoadSection.luau
ReplicatedStorage.Road.RoadTypeCatalog	ModuleScript	ReplicatedStorage.Road.RoadTypeCatalog.luau
ReplicatedStorage.Road.RoadTypes	ModuleScript	ReplicatedStorage.Road.RoadTypes.luau
ReplicatedStorage.Road.RoadVerticalProfile	ModuleScript	ReplicatedStorage.Road.RoadVerticalProfile.luau
ReplicatedStorage.Road.RoadVerticalProfile.spec	ModuleScript	ReplicatedStorage.Road.RoadVerticalProfile.spec.luau
ReplicatedStorage.Road.SignalSpec	ModuleScript	ReplicatedStorage.Road.SignalSpec.luau
ReplicatedStorage.Road.SnapUtil	ModuleScript	ReplicatedStorage.Road.SnapUtil.luau
ReplicatedStorage.Road.SnapUtil.SnapConstants	ModuleScript	ReplicatedStorage.Road.SnapUtil.SnapConstants.luau
ReplicatedStorage.Road.SnapUtil.spec	ModuleScript	ReplicatedStorage.Road.SnapUtil.spec.luau
ReplicatedStorage.Road.TrafficSignPlanner	ModuleScript	ReplicatedStorage.Road.TrafficSignPlanner.luau
ReplicatedStorage.Road.TrafficViolations	ModuleScript	ReplicatedStorage.Road.TrafficViolations.luau
ReplicatedStorage.Road.VehicleCatalog	ModuleScript	ReplicatedStorage.Road.VehicleCatalog.luau
ReplicatedStorage.Road.VehicleTypes	ModuleScript	ReplicatedStorage.Road.VehicleTypes.luau
ReplicatedStorage.Shared.CityCalendar	ModuleScript	ReplicatedStorage.Shared.CityCalendar.luau
ReplicatedStorage.Shared.CityCalendar.spec	ModuleScript	ReplicatedStorage.Shared.CityCalendar.spec.luau
ReplicatedStorage.Shared.ClientBootGate	ModuleScript	ReplicatedStorage.Shared.ClientBootGate.luau
ReplicatedStorage.Shared.FreePlacement	ModuleScript	ReplicatedStorage.Shared.FreePlacement.luau
ReplicatedStorage.Shared.GesturePath	ModuleScript	ReplicatedStorage.Shared.GesturePath.luau
ReplicatedStorage.Shared.GesturePath.spec	ModuleScript	ReplicatedStorage.Shared.GesturePath.spec.luau
ReplicatedStorage.Shared.LOD	ModuleScript	ReplicatedStorage.Shared.LOD.luau
ReplicatedStorage.Shared.MaterialCatalog	ModuleScript	ReplicatedStorage.Shared.MaterialCatalog.luau
ReplicatedStorage.Shared.MaterialCatalog.spec	ModuleScript	ReplicatedStorage.Shared.MaterialCatalog.spec.luau
ReplicatedStorage.Shared.ModelBaker	ModuleScript	ReplicatedStorage.Shared.ModelBaker.luau
ReplicatedStorage.Shared.PlacementFit	ModuleScript	ReplicatedStorage.Shared.PlacementFit.luau
ReplicatedStorage.Shared.PlacementFit.PropsIndex.spec	ModuleScript	ReplicatedStorage.Shared.PlacementFit.PropsIndex.spec.luau
ReplicatedStorage.Shared.PlacementFit.spec	ModuleScript	ReplicatedStorage.Shared.PlacementFit.spec.luau
ReplicatedStorage.Shared.PlacementGrid	ModuleScript	ReplicatedStorage.Shared.PlacementGrid.luau
ReplicatedStorage.Shared.PlacementGrid.spec	ModuleScript	ReplicatedStorage.Shared.PlacementGrid.spec.luau
ReplicatedStorage.Shared.Quant	ModuleScript	ReplicatedStorage.Shared.Quant.luau
ReplicatedStorage.Shared.Quant.spec	ModuleScript	ReplicatedStorage.Shared.Quant.spec.luau
ReplicatedStorage.Shared.ShapeCatalog	ModuleScript	ReplicatedStorage.Shared.ShapeCatalog.luau
ReplicatedStorage.Shared.ShapeCatalog.spec	ModuleScript	ReplicatedStorage.Shared.ShapeCatalog.spec.luau
ReplicatedStorage.Shared.TextureAverages	ModuleScript	ReplicatedStorage.Shared.TextureAverages.luau
ReplicatedStorage.Terrain.Heightmap	ModuleScript	ReplicatedStorage.Terrain.Heightmap.luau
ReplicatedStorage.Terrain.Heightmap.WriteThrough.spec	ModuleScript	ReplicatedStorage.Terrain.Heightmap.WriteThrough.spec.luau
ReplicatedStorage.Terrain.Heightmap.spec	ModuleScript	ReplicatedStorage.Terrain.Heightmap.spec.luau
ReplicatedStorage.Terrain.RoadCrossSection	ModuleScript	ReplicatedStorage.Terrain.RoadCrossSection.luau
ReplicatedStorage.Terrain.RoadCrossSection.spec	ModuleScript	ReplicatedStorage.Terrain.RoadCrossSection.spec.luau
ReplicatedStorage.Terrain.TerrainBrush	ModuleScript	ReplicatedStorage.Terrain.TerrainBrush.luau
ReplicatedStorage.Terrain.TerrainBrush.spec	ModuleScript	ReplicatedStorage.Terrain.TerrainBrush.spec.luau
ReplicatedStorage.Terrain.TerrainBuildController	ModuleScript	ReplicatedStorage.Terrain.TerrainBuildController.luau
ReplicatedStorage.Terrain.TerrainBuildController.Frustum.spec	ModuleScript	ReplicatedStorage.Terrain.TerrainBuildController.Frustum.spec.luau
ReplicatedStorage.Terrain.TerrainBuildController.StartupArea.spec	ModuleScript	ReplicatedStorage.Terrain.TerrainBuildController.StartupArea.spec.luau
ReplicatedStorage.Terrain.TerrainBuildController.Stream.spec	ModuleScript	ReplicatedStorage.Terrain.TerrainBuildController.Stream.spec.luau
ReplicatedStorage.Terrain.TerrainBuildController.spec	ModuleScript	ReplicatedStorage.Terrain.TerrainBuildController.spec.luau
ReplicatedStorage.Terrain.TerrainConstants	ModuleScript	ReplicatedStorage.Terrain.TerrainConstants.luau
ReplicatedStorage.Terrain.TerrainGenerator	ModuleScript	ReplicatedStorage.Terrain.TerrainGenerator.luau
ReplicatedStorage.Terrain.TerrainGenerator.spec	ModuleScript	ReplicatedStorage.Terrain.TerrainGenerator.spec.luau
ReplicatedStorage.Terrain.TerrainLandform	ModuleScript	ReplicatedStorage.Terrain.TerrainLandform.luau
ReplicatedStorage.Terrain.TerrainMesh	ModuleScript	ReplicatedStorage.Terrain.TerrainMesh.luau
ReplicatedStorage.Terrain.TerrainMesh.MergeOrigin.spec	ModuleScript	ReplicatedStorage.Terrain.TerrainMesh.MergeOrigin.spec.luau
ReplicatedStorage.Terrain.TerrainMesh.spec	ModuleScript	ReplicatedStorage.Terrain.TerrainMesh.spec.luau
ReplicatedStorage.Terrain.TerrainMeshView	ModuleScript	ReplicatedStorage.Terrain.TerrainMeshView.luau
ReplicatedStorage.Terrain.TerrainMeshView.Frustum.spec	ModuleScript	ReplicatedStorage.Terrain.TerrainMeshView.Frustum.spec.luau
ReplicatedStorage.Terrain.TerrainMeshView.MergedBatches.spec	ModuleScript	ReplicatedStorage.Terrain.TerrainMeshView.MergedBatches.spec.luau
ReplicatedStorage.Terrain.TerrainMeshView.StartupArea.spec	ModuleScript	ReplicatedStorage.Terrain.TerrainMeshView.StartupArea.spec.luau
ReplicatedStorage.Terrain.TerrainPainter	ModuleScript	ReplicatedStorage.Terrain.TerrainPainter.luau
ReplicatedStorage.Terrain.TerrainPainter.spec	ModuleScript	ReplicatedStorage.Terrain.TerrainPainter.spec.luau
ReplicatedStorage.Terrain.TerrainStreamCodec	ModuleScript	ReplicatedStorage.Terrain.TerrainStreamCodec.luau
ReplicatedStorage.Terrain.TerrainSurfaceTexture	ModuleScript	ReplicatedStorage.Terrain.TerrainSurfaceTexture.luau
ReplicatedStorage.Terrain.TerrainSurfaceTexture.spec	ModuleScript	ReplicatedStorage.Terrain.TerrainSurfaceTexture.spec.luau
ReplicatedStorage.Terrain.TerrainTypes	ModuleScript	ReplicatedStorage.Terrain.TerrainTypes.luau
ReplicatedStorage.Terrain.WaterField	ModuleScript	ReplicatedStorage.Terrain.WaterField.luau
ReplicatedStorage.Transit.TransitTypes	ModuleScript	ReplicatedStorage.Transit.TransitTypes.luau
ReplicatedStorage.World.WorldThemeCatalog	ModuleScript	ReplicatedStorage.World.WorldThemeCatalog.luau
ServerScriptService.Bootstrap.Bootstrap	Script	ServerScriptService.Bootstrap.Bootstrap.server.luau
ServerScriptService.Services.Access.BadgeService	ModuleScript	ServerScriptService.Services.Access.BadgeService.luau
ServerScriptService.Services.Access.CityTeleport	ModuleScript	ServerScriptService.Services.Access.CityTeleport.luau
ServerScriptService.Services.Access.CityTeleport.spec	ModuleScript	ServerScriptService.Services.Access.CityTeleport.spec.luau
ServerScriptService.Services.Access.PlaceAccessService	ModuleScript	ServerScriptService.Services.Access.PlaceAccessService.luau
ServerScriptService.Services.Access.PlaceAccessService.spec	ModuleScript	ServerScriptService.Services.Access.PlaceAccessService.spec.luau
ServerScriptService.Services.Access.PlayerDirectoryService	ModuleScript	ServerScriptService.Services.Access.PlayerDirectoryService.luau
ServerScriptService.Services.Access.PlayerPresenceService	ModuleScript	ServerScriptService.Services.Access.PlayerPresenceService.luau
ServerScriptService.Services.Access.ReviewQueue	ModuleScript	ServerScriptService.Services.Access.ReviewQueue.luau
ServerScriptService.Services.Access.ReviewQueue.Shape	ModuleScript	ServerScriptService.Services.Access.ReviewQueue.Shape.luau
ServerScriptService.Services.Access.ReviewQueue.Shape.spec	ModuleScript	ServerScriptService.Services.Access.ReviewQueue.Shape.spec.luau
ServerScriptService.Services.Access.StaffRoster	ModuleScript	ServerScriptService.Services.Access.StaffRoster.luau
ServerScriptService.Services.Access.StaffUIService	ModuleScript	ServerScriptService.Services.Access.StaffUIService.luau
ServerScriptService.Services.Access.TesterService	ModuleScript	ServerScriptService.Services.Access.TesterService.luau
ServerScriptService.Services.Access.VisitorList	ModuleScript	ServerScriptService.Services.Access.VisitorList.luau
ServerScriptService.Services.Access.VisitorList.spec	ModuleScript	ServerScriptService.Services.Access.VisitorList.spec.luau
ServerScriptService.Services.City.BuildingService	ModuleScript	ServerScriptService.Services.City.BuildingService.luau
ServerScriptService.Services.City.BuildingService.CommitRollback.spec	ModuleScript	ServerScriptService.Services.City.BuildingService.CommitRollback.spec.luau
ServerScriptService.Services.City.BuildingService.ConstructionQueue	ModuleScript	ServerScriptService.Services.City.BuildingService.ConstructionQueue.luau
ServerScriptService.Services.City.BuildingService.ConstructionQueue.spec	ModuleScript	ServerScriptService.Services.City.BuildingService.ConstructionQueue.spec.luau
ServerScriptService.Services.City.BuildingService.Performance.spec	ModuleScript	ServerScriptService.Services.City.BuildingService.Performance.spec.luau
ServerScriptService.Services.City.BuildingService.Scheduler.spec	ModuleScript	ServerScriptService.Services.City.BuildingService.Scheduler.spec.luau
ServerScriptService.Services.City.BuildingService.spec	ModuleScript	ServerScriptService.Services.City.BuildingService.spec.luau
ServerScriptService.Services.City.BuildingService.spec	ModuleScript	ServerScriptService.Services.City.BuildingService.spec__ref6062.luau
ServerScriptService.Services.City.CitySimConstants	ModuleScript	ServerScriptService.Services.City.CitySimConstants.luau
ServerScriptService.Services.City.CityStatsService	ModuleScript	ServerScriptService.Services.City.CityStatsService.luau
ServerScriptService.Services.City.CityStatsService.spec	ModuleScript	ServerScriptService.Services.City.CityStatsService.spec.luau
ServerScriptService.Services.City.Civic.CoverageService	ModuleScript	ServerScriptService.Services.City.Civic.CoverageService.luau
ServerScriptService.Services.City.Civic.CrimeService	ModuleScript	ServerScriptService.Services.City.Civic.CrimeService.luau
ServerScriptService.Services.City.Civic.DeathcareService	ModuleScript	ServerScriptService.Services.City.Civic.DeathcareService.luau
ServerScriptService.Services.City.Civic.EducationService	ModuleScript	ServerScriptService.Services.City.Civic.EducationService.luau
ServerScriptService.Services.City.Civic.EmergencyDispatch	ModuleScript	ServerScriptService.Services.City.Civic.EmergencyDispatch.luau
ServerScriptService.Services.City.Civic.EmergencyService	ModuleScript	ServerScriptService.Services.City.Civic.EmergencyService.luau
ServerScriptService.Services.City.Civic.SewageOutfall	ModuleScript	ServerScriptService.Services.City.Civic.SewageOutfall.luau
ServerScriptService.Services.City.Civic.SicknessService	ModuleScript	ServerScriptService.Services.City.Civic.SicknessService.luau
ServerScriptService.Services.City.CreationPlaceService	ModuleScript	ServerScriptService.Services.City.CreationPlaceService.luau
ServerScriptService.Services.City.Economy.BusinessService	ModuleScript	ServerScriptService.Services.City.Economy.BusinessService.luau
ServerScriptService.Services.City.Economy.BusinessService.spec	ModuleScript	ServerScriptService.Services.City.Economy.BusinessService.spec.luau
ServerScriptService.Services.City.Economy.CityEconomyService	ModuleScript	ServerScriptService.Services.City.Economy.CityEconomyService.luau
ServerScriptService.Services.City.Economy.CityEconomyService.spec	ModuleScript	ServerScriptService.Services.City.Economy.CityEconomyService.spec.luau
ServerScriptService.Services.City.Economy.SupplyService	ModuleScript	ServerScriptService.Services.City.Economy.SupplyService.luau
ServerScriptService.Services.City.Economy.SupplyService.spec	ModuleScript	ServerScriptService.Services.City.Economy.SupplyService.spec.luau
ServerScriptService.Services.City.LandValueService	ModuleScript	ServerScriptService.Services.City.LandValueService.luau
ServerScriptService.Services.City.LotDressingConfig	ModuleScript	ServerScriptService.Services.City.LotDressingConfig.luau
ServerScriptService.Services.City.LotDressingService	ModuleScript	ServerScriptService.Services.City.LotDressingService.luau
ServerScriptService.Services.City.LotGroundMesh	ModuleScript	ServerScriptService.Services.City.LotGroundMesh.luau
ServerScriptService.Services.City.LotGroundMesh.spec	ModuleScript	ServerScriptService.Services.City.LotGroundMesh.spec.luau
ServerScriptService.Services.City.MapSeedService	ModuleScript	ServerScriptService.Services.City.MapSeedService.luau
ServerScriptService.Services.City.MapSeedService.spec	ModuleScript	ServerScriptService.Services.City.MapSeedService.spec.luau
ServerScriptService.Services.City.NameGen	ModuleScript	ServerScriptService.Services.City.NameGen.luau
ServerScriptService.Services.City.NaturePlaceService	ModuleScript	ServerScriptService.Services.City.NaturePlaceService.luau
ServerScriptService.Services.City.OutsideConnectionService	ModuleScript	ServerScriptService.Services.City.OutsideConnectionService.luau
ServerScriptService.Services.City.ParkingService	ModuleScript	ServerScriptService.Services.City.ParkingService.luau
ServerScriptService.Services.City.ParkingService.spec	ModuleScript	ServerScriptService.Services.City.ParkingService.spec.luau
ServerScriptService.Services.City.ParkingService.spec	ModuleScript	ServerScriptService.Services.City.ParkingService.spec__ref6059.luau
ServerScriptService.Services.City.PlotService	ModuleScript	ServerScriptService.Services.City.PlotService.luau
ServerScriptService.Services.City.PlotService.BatchPlacement.spec	ModuleScript	ServerScriptService.Services.City.PlotService.BatchPlacement.spec.luau
ServerScriptService.Services.City.PlotService.RestoreBudget.spec	ModuleScript	ServerScriptService.Services.City.PlotService.RestoreBudget.spec.luau
ServerScriptService.Services.City.PlotService.spec	ModuleScript	ServerScriptService.Services.City.PlotService.spec.luau
ServerScriptService.Services.City.PowerService	ModuleScript	ServerScriptService.Services.City.PowerService.luau
ServerScriptService.Services.City.PowerService.spec	ModuleScript	ServerScriptService.Services.City.PowerService.spec.luau
ServerScriptService.Services.City.ProgressionService	ModuleScript	ServerScriptService.Services.City.ProgressionService.luau
ServerScriptService.Services.City.ServicePlacement	ModuleScript	ServerScriptService.Services.City.ServicePlacement.luau
ServerScriptService.Services.City.Simulation.CitizenActivityState	ModuleScript	ServerScriptService.Services.City.Simulation.CitizenActivityState.luau
ServerScriptService.Services.City.Simulation.CitizenActivityState.spec	ModuleScript	ServerScriptService.Services.City.Simulation.CitizenActivityState.spec.luau
ServerScriptService.Services.City.Simulation.CitizenJourneys	ModuleScript	ServerScriptService.Services.City.Simulation.CitizenJourneys.luau
ServerScriptService.Services.City.Simulation.CitizenJourneys.spec	ModuleScript	ServerScriptService.Services.City.Simulation.CitizenJourneys.spec.luau
ServerScriptService.Services.City.Simulation.CitizenQueries	ModuleScript	ServerScriptService.Services.City.Simulation.CitizenQueries.luau
ServerScriptService.Services.City.Simulation.CitizenQueries.spec	ModuleScript	ServerScriptService.Services.City.Simulation.CitizenQueries.spec.luau
ServerScriptService.Services.City.Simulation.CitizenSaveColumns	ModuleScript	ServerScriptService.Services.City.Simulation.CitizenSaveColumns.luau
ServerScriptService.Services.City.Simulation.CitizenSaveColumns.spec	ModuleScript	ServerScriptService.Services.City.Simulation.CitizenSaveColumns.spec.luau
ServerScriptService.Services.City.Simulation.CitizenService	ModuleScript	ServerScriptService.Services.City.Simulation.CitizenService.luau
ServerScriptService.Services.City.Simulation.CitizenService.spec	ModuleScript	ServerScriptService.Services.City.Simulation.CitizenService.spec.luau
ServerScriptService.Services.City.Simulation.CitizenTypes	ModuleScript	ServerScriptService.Services.City.Simulation.CitizenTypes.luau
ServerScriptService.Services.City.Simulation.FireService	ModuleScript	ServerScriptService.Services.City.Simulation.FireService.luau
ServerScriptService.Services.City.Simulation.HouseholdNeeds	ModuleScript	ServerScriptService.Services.City.Simulation.HouseholdNeeds.luau
ServerScriptService.Services.City.Simulation.HouseholdNeeds.spec	ModuleScript	ServerScriptService.Services.City.Simulation.HouseholdNeeds.spec.luau
ServerScriptService.Services.City.Simulation.ThroughTrafficService	ModuleScript	ServerScriptService.Services.City.Simulation.ThroughTrafficService.luau
ServerScriptService.Services.City.Simulation.ThroughTrafficService.spec	ModuleScript	ServerScriptService.Services.City.Simulation.ThroughTrafficService.spec.luau
ServerScriptService.Services.City.Simulation.TravelModeChoice	ModuleScript	ServerScriptService.Services.City.Simulation.TravelModeChoice.luau
ServerScriptService.Services.City.Simulation.TravelModeChoice.spec	ModuleScript	ServerScriptService.Services.City.Simulation.TravelModeChoice.spec.luau
ServerScriptService.Services.City.Simulation.ZoneSimService	ModuleScript	ServerScriptService.Services.City.Simulation.ZoneSimService.luau
ServerScriptService.Services.City.TerritoryService	ModuleScript	ServerScriptService.Services.City.TerritoryService.luau
ServerScriptService.Services.City.TimeService	ModuleScript	ServerScriptService.Services.City.TimeService.luau
ServerScriptService.Services.City.WaterPipeService	ModuleScript	ServerScriptService.Services.City.WaterPipeService.luau
ServerScriptService.Services.City.WaterPipeService.spec	ModuleScript	ServerScriptService.Services.City.WaterPipeService.spec.luau
ServerScriptService.Services.City.WaterService	ModuleScript	ServerScriptService.Services.City.WaterService.luau
ServerScriptService.Services.City.WaterService.spec	ModuleScript	ServerScriptService.Services.City.WaterService.spec.luau
ServerScriptService.Services.City.WeatherService	ModuleScript	ServerScriptService.Services.City.WeatherService.luau
ServerScriptService.Services.Data.BlobCodec	ModuleScript	ServerScriptService.Services.Data.BlobCodec.luau
ServerScriptService.Services.Data.BlobCodec.spec	ModuleScript	ServerScriptService.Services.Data.BlobCodec.spec.luau
ServerScriptService.Services.Data.BlueprintStore	ModuleScript	ServerScriptService.Services.Data.BlueprintStore.luau
ServerScriptService.Services.Data.CitySerializer	ModuleScript	ServerScriptService.Services.Data.CitySerializer.luau
ServerScriptService.Services.Data.CitySerializer.spec	ModuleScript	ServerScriptService.Services.Data.CitySerializer.spec.luau
ServerScriptService.Services.Data.CitySlotService	ModuleScript	ServerScriptService.Services.Data.CitySlotService.luau
ServerScriptService.Services.Data.CitySlotService.spec	ModuleScript	ServerScriptService.Services.Data.CitySlotService.spec.luau
ServerScriptService.Services.Data.MapTemplateService	ModuleScript	ServerScriptService.Services.Data.MapTemplateService.luau
ServerScriptService.Services.Data.NumberPack	ModuleScript	ServerScriptService.Services.Data.NumberPack.luau
ServerScriptService.Services.Data.NumberPack.spec	ModuleScript	ServerScriptService.Services.Data.NumberPack.spec.luau
ServerScriptService.Services.Data.PlayerDataStore	ModuleScript	ServerScriptService.Services.Data.PlayerDataStore.luau
ServerScriptService.Services.Data.PlayerLoadService	ModuleScript	ServerScriptService.Services.Data.PlayerLoadService.luau
ServerScriptService.Services.Data.PlayerSettingsService	ModuleScript	ServerScriptService.Services.Data.PlayerSettingsService.luau
ServerScriptService.Services.Data.PlayerStatsService	ModuleScript	ServerScriptService.Services.Data.PlayerStatsService.luau
ServerScriptService.Services.Debug.AdminService	ModuleScript	ServerScriptService.Services.Debug.AdminService.luau
ServerScriptService.Services.Debug.DebugService	ModuleScript	ServerScriptService.Services.Debug.DebugService.luau
ServerScriptService.Services.Debug.DeveloperService	ModuleScript	ServerScriptService.Services.Debug.DeveloperService.luau
ServerScriptService.Services.Debug.TrafficBenchmark	ModuleScript	ServerScriptService.Services.Debug.TrafficBenchmark.luau
ServerScriptService.Services.Editor.EditorService	ModuleScript	ServerScriptService.Services.Editor.EditorService.luau
ServerScriptService.Services.NPC.CitizenAgentService	ModuleScript	ServerScriptService.Services.NPC.CitizenAgentService.luau
ServerScriptService.Services.NPC.EmergencyVehicleFactory	ModuleScript	ServerScriptService.Services.NPC.EmergencyVehicleFactory.luau
ServerScriptService.Services.NPC.NPCDriverService	ModuleScript	ServerScriptService.Services.NPC.NPCDriverService.luau
ServerScriptService.Services.NPC.NPCDriverService.IntegrationFixture	ModuleScript	ServerScriptService.Services.NPC.NPCDriverService.IntegrationFixture.luau
ServerScriptService.Services.NPC.NPCDriverService.spec	ModuleScript	ServerScriptService.Services.NPC.NPCDriverService.spec.luau
ServerScriptService.Services.NPC.NPCWalkingService	ModuleScript	ServerScriptService.Services.NPC.NPCWalkingService.luau
ServerScriptService.Services.NPC.NPCWalkingService.spec	ModuleScript	ServerScriptService.Services.NPC.NPCWalkingService.spec.luau
ServerScriptService.Services.NPC.VehicleFactory	ModuleScript	ServerScriptService.Services.NPC.VehicleFactory.luau
ServerScriptService.Services.Road.RoadDeadEndService	ModuleScript	ServerScriptService.Services.Road.RoadDeadEndService.luau
ServerScriptService.Services.Road.RoadHistoryService	ModuleScript	ServerScriptService.Services.Road.RoadHistoryService.luau
ServerScriptService.Services.Road.RoadHistoryService.spec	ModuleScript	ServerScriptService.Services.Road.RoadHistoryService.spec.luau
ServerScriptService.Services.Road.RoadReplicationService	ModuleScript	ServerScriptService.Services.Road.RoadReplicationService.luau
ServerScriptService.Services.Road.RoadReplicationService.spec	ModuleScript	ServerScriptService.Services.Road.RoadReplicationService.spec.luau
ServerScriptService.Services.Road.RoadSceneryService	ModuleScript	ServerScriptService.Services.Road.RoadSceneryService.luau
ServerScriptService.Services.Road.RoadSerializer	ModuleScript	ServerScriptService.Services.Road.RoadSerializer.luau
ServerScriptService.Services.Road.RoadSerializer.spec	ModuleScript	ServerScriptService.Services.Road.RoadSerializer.spec.luau
ServerScriptService.Services.Road.RoadService	ModuleScript	ServerScriptService.Services.Road.RoadService.luau
ServerScriptService.Services.Road.RoadService.HistoryWarm.spec	ModuleScript	ServerScriptService.Services.Road.RoadService.HistoryWarm.spec.luau
ServerScriptService.Services.Road.RoadService.PendingEdits.spec	ModuleScript	ServerScriptService.Services.Road.RoadService.PendingEdits.spec.luau
ServerScriptService.Services.Road.RoadTurnPermissionStore	ModuleScript	ServerScriptService.Services.Road.RoadTurnPermissionStore.luau
ServerScriptService.Services.Terrain.TerrainDataService	ModuleScript	ServerScriptService.Services.Terrain.TerrainDataService.luau
ServerScriptService.Services.Terrain.TerrainDataService.Stream.spec	ModuleScript	ServerScriptService.Services.Terrain.TerrainDataService.Stream.spec.luau
ServerScriptService.Services.Terrain.TerrainEditService	ModuleScript	ServerScriptService.Services.Terrain.TerrainEditService.luau
ServerScriptService.Services.Terrain.TerrainGradeService	ModuleScript	ServerScriptService.Services.Terrain.TerrainGradeService.luau
ServerScriptService.Services.Terrain.TerrainGradeService.LoadingBudget.spec	ModuleScript	ServerScriptService.Services.Terrain.TerrainGradeService.LoadingBudget.spec.luau
ServerScriptService.Services.Terrain.TerrainGradeService.Raster.spec	ModuleScript	ServerScriptService.Services.Terrain.TerrainGradeService.Raster.spec.luau
ServerScriptService.Services.Terrain.TerrainGradeService.spec	ModuleScript	ServerScriptService.Services.Terrain.TerrainGradeService.spec.luau
ServerScriptService.Services.Terrain.TerrainOverlayLedger	ModuleScript	ServerScriptService.Services.Terrain.TerrainOverlayLedger.luau
ServerScriptService.Services.Terrain.TerrainPadService	ModuleScript	ServerScriptService.Services.Terrain.TerrainPadService.luau
ServerScriptService.Services.Terrain.TerrainPadService.RoadLookup.spec	ModuleScript	ServerScriptService.Services.Terrain.TerrainPadService.RoadLookup.spec.luau
ServerScriptService.Services.Terrain.TerrainPadService.spec	ModuleScript	ServerScriptService.Services.Terrain.TerrainPadService.spec.luau
ServerScriptService.Services.Terrain.TerrainPersistence	ModuleScript	ServerScriptService.Services.Terrain.TerrainPersistence.luau
ServerScriptService.Services.Terrain.TerrainPersistence.spec	ModuleScript	ServerScriptService.Services.Terrain.TerrainPersistence.spec.luau
ServerScriptService.Services.Terrain.TerrainRenderer	ModuleScript	ServerScriptService.Services.Terrain.TerrainRenderer.luau
ServerScriptService.Services.Traffic.IntersectionDetector	ModuleScript	ServerScriptService.Services.Traffic.IntersectionDetector.luau
ServerScriptService.Services.Traffic.IntersectionDetector.spec	ModuleScript	ServerScriptService.Services.Traffic.IntersectionDetector.spec.luau
ServerScriptService.Services.Traffic.SignalCoordinator	ModuleScript	ServerScriptService.Services.Traffic.SignalCoordinator.luau
ServerScriptService.Services.Traffic.SignalCoordinator.spec	ModuleScript	ServerScriptService.Services.Traffic.SignalCoordinator.spec.luau
ServerScriptService.Services.Traffic.SignalPhaseBuilder	ModuleScript	ServerScriptService.Services.Traffic.SignalPhaseBuilder.luau
ServerScriptService.Services.Traffic.SignalPhaseBuilder.spec	ModuleScript	ServerScriptService.Services.Traffic.SignalPhaseBuilder.spec.luau
ServerScriptService.Services.Traffic.SignalPlanStore	ModuleScript	ServerScriptService.Services.Traffic.SignalPlanStore.luau
ServerScriptService.Services.Traffic.SignalReplicationService	ModuleScript	ServerScriptService.Services.Traffic.SignalReplicationService.luau
ServerScriptService.Services.Traffic.TrafficConfig	ModuleScript	ServerScriptService.Services.Traffic.TrafficConfig.luau
ServerScriptService.Services.Traffic.TrafficLightPlacer	ModuleScript	ServerScriptService.Services.Traffic.TrafficLightPlacer.luau
ServerScriptService.Services.Traffic.TrafficSignalService	ModuleScript	ServerScriptService.Services.Traffic.TrafficSignalService.luau
ServerScriptService.Services.Traffic.TrafficSignalService.TestFixture	ModuleScript	ServerScriptService.Services.Traffic.TrafficSignalService.TestFixture.luau
ServerScriptService.Services.Traffic.TrafficSignalService.spec	ModuleScript	ServerScriptService.Services.Traffic.TrafficSignalService.spec.luau
ServerScriptService.Services.Transit.BusDispatchService	ModuleScript	ServerScriptService.Services.Transit.BusDispatchService.luau
ServerScriptService.Services.Transit.TrainBuildingModel	ModuleScript	ServerScriptService.Services.Transit.TrainBuildingModel.luau
ServerScriptService.Services.Transit.TrainDispatchService	ModuleScript	ServerScriptService.Services.Transit.TrainDispatchService.luau
ServerScriptService.Services.Transit.TrainDispatchService.spec	ModuleScript	ServerScriptService.Services.Transit.TrainDispatchService.spec.luau
ServerScriptService.Services.Transit.TransitBuildingModel	ModuleScript	ServerScriptService.Services.Transit.TransitBuildingModel.luau
ServerScriptService.Services.Transit.TransitKitModel	ModuleScript	ServerScriptService.Services.Transit.TransitKitModel.luau
ServerScriptService.Services.Transit.TransitService	ModuleScript	ServerScriptService.Services.Transit.TransitService.luau
ServerScriptService.Services.Transit.TransitService.spec	ModuleScript	ServerScriptService.Services.Transit.TransitService.spec.luau
ServerScriptService.Services.Util.PathFollower	ModuleScript	ServerScriptService.Services.Util.PathFollower.luau
ServerScriptService.Services.Util.PathFollower.spec	ModuleScript	ServerScriptService.Services.Util.PathFollower.spec.luau
ServerScriptService.Services.Util.Telemetry	ModuleScript	ServerScriptService.Services.Util.Telemetry.luau
ServerScriptService.Tests.DrawCallProbe	ModuleScript	ServerScriptService.Tests.DrawCallProbe.luau
ServerScriptService.Tests.LoadStressTest	ModuleScript	ServerScriptService.Tests.LoadStressTest.luau
ServerScriptService.Tests.PropLODReport	ModuleScript	ServerScriptService.Tests.PropLODReport.luau
ServerScriptService.Tests.SpecRunner	ModuleScript	ServerScriptService.Tests.SpecRunner.luau
ServerStorage.Authoring.CommercialLowSetup	ModuleScript	ServerStorage.Authoring.CommercialLowSetup.luau
ServerStorage.Authoring.CommercialV2Setup	ModuleScript	ServerStorage.Authoring.CommercialV2Setup.luau
ServerStorage.Authoring.HouseV2Setup	ModuleScript	ServerStorage.Authoring.HouseV2Setup.luau
ServerStorage.Authoring.IndustrialSetup	ModuleScript	ServerStorage.Authoring.IndustrialSetup.luau
ServerStorage.Authoring.MidRiseKitSetup	ModuleScript	ServerStorage.Authoring.MidRiseKitSetup.luau
ServerStorage.Authoring.MidRiseKitSetup.Manifest	ModuleScript	ServerStorage.Authoring.MidRiseKitSetup.Manifest.luau
ServerStorage.Authoring.MidRiseV2Setup	ModuleScript	ServerStorage.Authoring.MidRiseV2Setup.luau
ServerStorage.Authoring.PowerTemplateSetup	ModuleScript	ServerStorage.Authoring.PowerTemplateSetup.luau
ServerStorage.Authoring.PropKitSetup	ModuleScript	ServerStorage.Authoring.PropKitSetup.luau
ServerStorage.Authoring.SimpleBuildingBuilder	ModuleScript	ServerStorage.Authoring.SimpleBuildingBuilder.luau
ServerStorage.Authoring.TransitSetup	ModuleScript	ServerStorage.Authoring.TransitSetup.luau
ServerStorage.Authoring.WaterTemplateSetup	ModuleScript	ServerStorage.Authoring.WaterTemplateSetup.luau
ServerStorage.PropsRetired.BuildingProps.ACUnits.ACUnitCatalog	ModuleScript	ServerStorage.PropsRetired.BuildingProps.ACUnits.ACUnitCatalog.luau
ServerStorage.PropsRetired.BuildingProps.ACUnits.ACUnitCatalog.spec	ModuleScript	ServerStorage.PropsRetired.BuildingProps.ACUnits.ACUnitCatalog.spec.luau
ServerStorage.PropsRetired.BuildingProps.Awnings.RetractableAwning.ProceduralGeneration	ModuleScript	ServerStorage.PropsRetired.BuildingProps.Awnings.RetractableAwning.ProceduralGeneration.luau
ServerStorage.PropsRetired.BuildingProps.Awnings.RetractableAwning.ProceduralGeneration.Dependencies.ConstructiveSolidGeometry	ModuleScript	ServerStorage.PropsRetired.BuildingProps.Awnings.RetractableAwning.ProceduralGeneration.Dependencies.ConstructiveSolidGeometry.luau
ServerStorage.PropsRetired.BuildingProps.Awnings.RetractableAwning.ProceduralGeneration.Dependencies.GeometryPrimitives	ModuleScript	ServerStorage.PropsRetired.BuildingProps.Awnings.RetractableAwning.ProceduralGeneration.Dependencies.GeometryPrimitives.luau
ServerStorage.PropsRetired.BuildingProps.Awnings.RetractableAwning.ProceduralGeneration.Dependencies.MathUtils	ModuleScript	ServerStorage.PropsRetired.BuildingProps.Awnings.RetractableAwning.ProceduralGeneration.Dependencies.MathUtils.luau
ServerStorage.PropsRetired.BuildingProps.Awnings.RetractableAwning.ProceduralGeneration.Dependencies.SmartObject	ModuleScript	ServerStorage.PropsRetired.BuildingProps.Awnings.RetractableAwning.ProceduralGeneration.Dependencies.SmartObject.luau
ServerStorage.PropsRetired.PropCatalog.PropCatalog	ModuleScript	ServerStorage.PropsRetired.PropCatalog.PropCatalog.luau
ServerStorage.PropsRetired.PropCatalog.PropCatalog.spec	ModuleScript	ServerStorage.PropsRetired.PropCatalog.PropCatalog.spec.luau
ServerStorage.StaffUI.StaffTools.AdminController	ModuleScript	ServerStorage.StaffUI.StaffTools.AdminController.luau
ServerStorage.StaffUI.StaffTools.BadAppleOutline	ModuleScript	ServerStorage.StaffUI.StaffTools.BadAppleOutline.luau
ServerStorage.StaffUI.StaffTools.BadAppleRoadTile	ModuleScript	ServerStorage.StaffUI.StaffTools.BadAppleRoadTile.luau
ServerStorage.StaffUI.StaffTools.BadAppleShow	ModuleScript	ServerStorage.StaffUI.StaffTools.BadAppleShow.luau
ServerStorage.StaffUI.StaffTools.CameraSpline	ModuleScript	ServerStorage.StaffUI.StaffTools.CameraSpline.luau
ServerStorage.StaffUI.StaffTools.CameraSpline.spec	ModuleScript	ServerStorage.StaffUI.StaffTools.CameraSpline.spec.luau
ServerStorage.StaffUI.StaffTools.CinematicCamera	ModuleScript	ServerStorage.StaffUI.StaffTools.CinematicCamera.luau
ServerStorage.StaffUI.StaffTools.DeveloperController	ModuleScript	ServerStorage.StaffUI.StaffTools.DeveloperController.luau
ServerStorage.StaffUI.StaffTools.StaffBoot	LocalScript	ServerStorage.StaffUI.StaffTools.StaffBoot.client.luau
ServerStorage.StaffUI.StaffTools.TrailerShots	ModuleScript	ServerStorage.StaffUI.StaffTools.TrailerShots.luau
ServerStorage.StaffUI.StaffTools.UIOverlapAudit	ModuleScript	ServerStorage.StaffUI.StaffTools.UIOverlapAudit.luau
StarterPlayer.StarterPlayerScripts.Bootstrap.Bootstrap	LocalScript	StarterPlayer.StarterPlayerScripts.Bootstrap.Bootstrap.client.luau
StarterPlayer.StarterPlayerScripts.Controllers.BottomBarController	ModuleScript	StarterPlayer.StarterPlayerScripts.Controllers.BottomBarController.luau
StarterPlayer.StarterPlayerScripts.Controllers.BuildRail	ModuleScript	StarterPlayer.StarterPlayerScripts.Controllers.BuildRail.luau
StarterPlayer.StarterPlayerScripts.Controllers.BulldozeController	ModuleScript	StarterPlayer.StarterPlayerScripts.Controllers.BulldozeController.luau
StarterPlayer.StarterPlayerScripts.Controllers.ColorPanel	ModuleScript	StarterPlayer.StarterPlayerScripts.Controllers.ColorPanel.luau
StarterPlayer.StarterPlayerScripts.Controllers.CoverageOverlay	ModuleScript	StarterPlayer.StarterPlayerScripts.Controllers.CoverageOverlay.luau
StarterPlayer.StarterPlayerScripts.Controllers.CoverageOverlay_live	ModuleScript	StarterPlayer.StarterPlayerScripts.Controllers.CoverageOverlay_live.luau
StarterPlayer.StarterPlayerScripts.Controllers.CreationPlacementController	ModuleScript	StarterPlayer.StarterPlayerScripts.Controllers.CreationPlacementController.luau
StarterPlayer.StarterPlayerScripts.Controllers.DeleteHoverController	ModuleScript	StarterPlayer.StarterPlayerScripts.Controllers.DeleteHoverController.luau
StarterPlayer.StarterPlayerScripts.Controllers.EditorController	ModuleScript	StarterPlayer.StarterPlayerScripts.Controllers.EditorController.luau
StarterPlayer.StarterPlayerScripts.Controllers.EditorGizmos	ModuleScript	StarterPlayer.StarterPlayerScripts.Controllers.EditorGizmos.luau
StarterPlayer.StarterPlayerScripts.Controllers.EditorGizmos.spec	ModuleScript	StarterPlayer.StarterPlayerScripts.Controllers.EditorGizmos.spec.luau
StarterPlayer.StarterPlayerScripts.Controllers.EmergencyPlacementController	ModuleScript	StarterPlayer.StarterPlayerScripts.Controllers.EmergencyPlacementController.luau
StarterPlayer.StarterPlayerScripts.Controllers.GhostPlacement	ModuleScript	StarterPlayer.StarterPlayerScripts.Controllers.GhostPlacement.luau
StarterPlayer.StarterPlayerScripts.Controllers.GridPicker	ModuleScript	StarterPlayer.StarterPlayerScripts.Controllers.GridPicker.luau
StarterPlayer.StarterPlayerScripts.Controllers.HeatmapController	ModuleScript	StarterPlayer.StarterPlayerScripts.Controllers.HeatmapController.luau
StarterPlayer.StarterPlayerScripts.Controllers.JunctionLightTool	ModuleScript	StarterPlayer.StarterPlayerScripts.Controllers.JunctionLightTool.luau
StarterPlayer.StarterPlayerScripts.Controllers.LaneConnectorTool	ModuleScript	StarterPlayer.StarterPlayerScripts.Controllers.LaneConnectorTool.luau
StarterPlayer.StarterPlayerScripts.Controllers.NatureFreePlaceMode	ModuleScript	StarterPlayer.StarterPlayerScripts.Controllers.NatureFreePlaceMode.luau
StarterPlayer.StarterPlayerScripts.Controllers.NatureGizmo	ModuleScript	StarterPlayer.StarterPlayerScripts.Controllers.NatureGizmo.luau
StarterPlayer.StarterPlayerScripts.Controllers.NaturePlacementController	ModuleScript	StarterPlayer.StarterPlayerScripts.Controllers.NaturePlacementController.luau
StarterPlayer.StarterPlayerScripts.Controllers.NatureSelection	ModuleScript	StarterPlayer.StarterPlayerScripts.Controllers.NatureSelection.luau
StarterPlayer.StarterPlayerScripts.Controllers.NatureSelection.spec	ModuleScript	StarterPlayer.StarterPlayerScripts.Controllers.NatureSelection.spec.luau
StarterPlayer.StarterPlayerScripts.Controllers.PipeView	ModuleScript	StarterPlayer.StarterPlayerScripts.Controllers.PipeView.luau
StarterPlayer.StarterPlayerScripts.Controllers.PlotController	ModuleScript	StarterPlayer.StarterPlayerScripts.Controllers.PlotController.luau
StarterPlayer.StarterPlayerScripts.Controllers.PlotController.PlanningBudget.spec	ModuleScript	StarterPlayer.StarterPlayerScripts.Controllers.PlotController.PlanningBudget.spec.luau
StarterPlayer.StarterPlayerScripts.Controllers.PlotController.PreviewCleanup.spec	ModuleScript	StarterPlayer.StarterPlayerScripts.Controllers.PlotController.PreviewCleanup.spec.luau
StarterPlayer.StarterPlayerScripts.Controllers.PlotController.PreviewInputs.spec	ModuleScript	StarterPlayer.StarterPlayerScripts.Controllers.PlotController.PreviewInputs.spec.luau
StarterPlayer.StarterPlayerScripts.Controllers.PlotController.SeatIndex	ModuleScript	StarterPlayer.StarterPlayerScripts.Controllers.PlotController.SeatIndex.luau
StarterPlayer.StarterPlayerScripts.Controllers.PlotController.SeatIndex.spec	ModuleScript	StarterPlayer.StarterPlayerScripts.Controllers.PlotController.SeatIndex.spec.luau
StarterPlayer.StarterPlayerScripts.Controllers.PowerLineController	ModuleScript	StarterPlayer.StarterPlayerScripts.Controllers.PowerLineController.luau
StarterPlayer.StarterPlayerScripts.Controllers.PreciseBuildPanel	ModuleScript	StarterPlayer.StarterPlayerScripts.Controllers.PreciseBuildPanel.luau
StarterPlayer.StarterPlayerScripts.Controllers.PropPaintTool	ModuleScript	StarterPlayer.StarterPlayerScripts.Controllers.PropPaintTool.luau
StarterPlayer.StarterPlayerScripts.Controllers.RoadDockPanel	ModuleScript	StarterPlayer.StarterPlayerScripts.Controllers.RoadDockPanel.luau
StarterPlayer.StarterPlayerScripts.Controllers.RoadGhostPreviewController	ModuleScript	StarterPlayer.StarterPlayerScripts.Controllers.RoadGhostPreviewController.luau
StarterPlayer.StarterPlayerScripts.Controllers.RoadMoveController	ModuleScript	StarterPlayer.StarterPlayerScripts.Controllers.RoadMoveController.luau
StarterPlayer.StarterPlayerScripts.Controllers.RoadPlacementController	ModuleScript	StarterPlayer.StarterPlayerScripts.Controllers.RoadPlacementController.luau
StarterPlayer.StarterPlayerScripts.Controllers.RoadPlacementController.spec	ModuleScript	StarterPlayer.StarterPlayerScripts.Controllers.RoadPlacementController.spec.luau
StarterPlayer.StarterPlayerScripts.Controllers.RoadPlacementSnapper	ModuleScript	StarterPlayer.StarterPlayerScripts.Controllers.RoadPlacementSnapper.luau
StarterPlayer.StarterPlayerScripts.Controllers.SchoolPlacementController	ModuleScript	StarterPlayer.StarterPlayerScripts.Controllers.SchoolPlacementController.luau
StarterPlayer.StarterPlayerScripts.Controllers.SeasonController	ModuleScript	StarterPlayer.StarterPlayerScripts.Controllers.SeasonController.luau
StarterPlayer.StarterPlayerScripts.Controllers.TerrainEditController	ModuleScript	StarterPlayer.StarterPlayerScripts.Controllers.TerrainEditController.luau
StarterPlayer.StarterPlayerScripts.Controllers.TerrainPanelController	ModuleScript	StarterPlayer.StarterPlayerScripts.Controllers.TerrainPanelController.luau
StarterPlayer.StarterPlayerScripts.Controllers.TerritoryController	ModuleScript	StarterPlayer.StarterPlayerScripts.Controllers.TerritoryController.luau
StarterPlayer.StarterPlayerScripts.Controllers.ToolRail	ModuleScript	StarterPlayer.StarterPlayerScripts.Controllers.ToolRail.luau
StarterPlayer.StarterPlayerScripts.Controllers.ToolStripController	ModuleScript	StarterPlayer.StarterPlayerScripts.Controllers.ToolStripController.luau
StarterPlayer.StarterPlayerScripts.Controllers.TransitPlacementController	ModuleScript	StarterPlayer.StarterPlayerScripts.Controllers.TransitPlacementController.luau
StarterPlayer.StarterPlayerScripts.Controllers.UndergroundView	ModuleScript	StarterPlayer.StarterPlayerScripts.Controllers.UndergroundView.luau
StarterPlayer.StarterPlayerScripts.Controllers.WaterPipeController	ModuleScript	StarterPlayer.StarterPlayerScripts.Controllers.WaterPipeController.luau
StarterPlayer.StarterPlayerScripts.Core.AutoSave	ModuleScript	StarterPlayer.StarterPlayerScripts.Core.AutoSave.luau
StarterPlayer.StarterPlayerScripts.Core.CacheSync	ModuleScript	StarterPlayer.StarterPlayerScripts.Core.CacheSync.luau
StarterPlayer.StarterPlayerScripts.Core.CursorRay	ModuleScript	StarterPlayer.StarterPlayerScripts.Core.CursorRay.luau
StarterPlayer.StarterPlayerScripts.Core.CursorRay.spec	ModuleScript	StarterPlayer.StarterPlayerScripts.Core.CursorRay.spec.luau
StarterPlayer.StarterPlayerScripts.Core.DeviceProfile	ModuleScript	StarterPlayer.StarterPlayerScripts.Core.DeviceProfile.luau
StarterPlayer.StarterPlayerScripts.Core.FreeCamController	ModuleScript	StarterPlayer.StarterPlayerScripts.Core.FreeCamController.luau
StarterPlayer.StarterPlayerScripts.Core.RenderPressure	ModuleScript	StarterPlayer.StarterPlayerScripts.Core.RenderPressure.luau
StarterPlayer.StarterPlayerScripts.Core.Settings	ModuleScript	StarterPlayer.StarterPlayerScripts.Core.Settings.luau
StarterPlayer.StarterPlayerScripts.Core.Settings.spec	ModuleScript	StarterPlayer.StarterPlayerScripts.Core.Settings.spec.luau
StarterPlayer.StarterPlayerScripts.Core.SettingsClient	ModuleScript	StarterPlayer.StarterPlayerScripts.Core.SettingsClient.luau
StarterPlayer.StarterPlayerScripts.Core.SoundFX	ModuleScript	StarterPlayer.StarterPlayerScripts.Core.SoundFX.luau
StarterPlayer.StarterPlayerScripts.Core.TransitClient	ModuleScript	StarterPlayer.StarterPlayerScripts.Core.TransitClient.luau
StarterPlayer.StarterPlayerScripts.Core.UiScratch	ModuleScript	StarterPlayer.StarterPlayerScripts.Core.UiScratch.luau
StarterPlayer.StarterPlayerScripts.Debug.IconDiag	LocalScript	StarterPlayer.StarterPlayerScripts.Debug.IconDiag.client.luau
StarterPlayer.StarterPlayerScripts.Debug.TrafficBenchClient	LocalScript	StarterPlayer.StarterPlayerScripts.Debug.TrafficBenchClient.client.luau
StarterPlayer.StarterPlayerScripts.HUD.BankruptcyController	ModuleScript	StarterPlayer.StarterPlayerScripts.HUD.BankruptcyController.luau
StarterPlayer.StarterPlayerScripts.HUD.BuildingInfoController	ModuleScript	StarterPlayer.StarterPlayerScripts.HUD.BuildingInfoController.luau
StarterPlayer.StarterPlayerScripts.HUD.CityStatsController	ModuleScript	StarterPlayer.StarterPlayerScripts.HUD.CityStatsController.luau
StarterPlayer.StarterPlayerScripts.HUD.CityVitalsPanel	ModuleScript	StarterPlayer.StarterPlayerScripts.HUD.CityVitalsPanel.luau
StarterPlayer.StarterPlayerScripts.HUD.DashboardController	ModuleScript	StarterPlayer.StarterPlayerScripts.HUD.DashboardController.luau
StarterPlayer.StarterPlayerScripts.HUD.EconomyPanelController	ModuleScript	StarterPlayer.StarterPlayerScripts.HUD.EconomyPanelController.luau
StarterPlayer.StarterPlayerScripts.HUD.ElectricityPanelController	ModuleScript	StarterPlayer.StarterPlayerScripts.HUD.ElectricityPanelController.luau
StarterPlayer.StarterPlayerScripts.HUD.FloatingCostEffect	ModuleScript	StarterPlayer.StarterPlayerScripts.HUD.FloatingCostEffect.luau
StarterPlayer.StarterPlayerScripts.HUD.GameMenuController	ModuleScript	StarterPlayer.StarterPlayerScripts.HUD.GameMenuController.luau
StarterPlayer.StarterPlayerScripts.HUD.NotificationController	ModuleScript	StarterPlayer.StarterPlayerScripts.HUD.NotificationController.luau
StarterPlayer.StarterPlayerScripts.HUD.PlacementCostHud	ModuleScript	StarterPlayer.StarterPlayerScripts.HUD.PlacementCostHud.luau
StarterPlayer.StarterPlayerScripts.HUD.PlayerHubController	ModuleScript	StarterPlayer.StarterPlayerScripts.HUD.PlayerHubController.luau
StarterPlayer.StarterPlayerScripts.HUD.ProgressionController	ModuleScript	StarterPlayer.StarterPlayerScripts.HUD.ProgressionController.luau
StarterPlayer.StarterPlayerScripts.HUD.RadioController	ModuleScript	StarterPlayer.StarterPlayerScripts.HUD.RadioController.luau
StarterPlayer.StarterPlayerScripts.HUD.RoadInfoController	ModuleScript	StarterPlayer.StarterPlayerScripts.HUD.RoadInfoController.luau
StarterPlayer.StarterPlayerScripts.HUD.TopLeftCluster	ModuleScript	StarterPlayer.StarterPlayerScripts.HUD.TopLeftCluster.luau
StarterPlayer.StarterPlayerScripts.HUD.TransitInfoController	ModuleScript	StarterPlayer.StarterPlayerScripts.HUD.TransitInfoController.luau
StarterPlayer.StarterPlayerScripts.HUD.TransportOverviewController	ModuleScript	StarterPlayer.StarterPlayerScripts.HUD.TransportOverviewController.luau
StarterPlayer.StarterPlayerScripts.HUD.UtilityGauges	ModuleScript	StarterPlayer.StarterPlayerScripts.HUD.UtilityGauges.luau
StarterPlayer.StarterPlayerScripts.HUD.WaterPanelController	ModuleScript	StarterPlayer.StarterPlayerScripts.HUD.WaterPanelController.luau
StarterPlayer.StarterPlayerScripts.SeasonTintClient	LocalScript	StarterPlayer.StarterPlayerScripts.SeasonTintClient.client.luau
StarterPlayer.StarterPlayerScripts.UI.Format	ModuleScript	StarterPlayer.StarterPlayerScripts.UI.Format.luau
StarterPlayer.StarterPlayerScripts.UI.Format.spec	ModuleScript	StarterPlayer.StarterPlayerScripts.UI.Format.spec.luau
StarterPlayer.StarterPlayerScripts.UI.HubTheme	ModuleScript	StarterPlayer.StarterPlayerScripts.UI.HubTheme.luau
StarterPlayer.StarterPlayerScripts.UI.HudScale	ModuleScript	StarterPlayer.StarterPlayerScripts.UI.HudScale.luau
StarterPlayer.StarterPlayerScripts.UI.Icons	ModuleScript	StarterPlayer.StarterPlayerScripts.UI.Icons.luau
StarterPlayer.StarterPlayerScripts.UI.Kit.BuildCard	ModuleScript	StarterPlayer.StarterPlayerScripts.UI.Kit.BuildCard.luau
StarterPlayer.StarterPlayerScripts.UI.Kit.Button	ModuleScript	StarterPlayer.StarterPlayerScripts.UI.Kit.Button.luau
StarterPlayer.StarterPlayerScripts.UI.Kit.Divider	ModuleScript	StarterPlayer.StarterPlayerScripts.UI.Kit.Divider.luau
StarterPlayer.StarterPlayerScripts.UI.Kit.Dock	ModuleScript	StarterPlayer.StarterPlayerScripts.UI.Kit.Dock.luau
StarterPlayer.StarterPlayerScripts.UI.Kit.DockWindow	ModuleScript	StarterPlayer.StarterPlayerScripts.UI.Kit.DockWindow.luau
StarterPlayer.StarterPlayerScripts.UI.Kit.Dropdown	ModuleScript	StarterPlayer.StarterPlayerScripts.UI.Kit.Dropdown.luau
StarterPlayer.StarterPlayerScripts.UI.Kit.Frost	ModuleScript	StarterPlayer.StarterPlayerScripts.UI.Kit.Frost.luau
StarterPlayer.StarterPlayerScripts.UI.Kit.Glass	ModuleScript	StarterPlayer.StarterPlayerScripts.UI.Kit.Glass.luau
StarterPlayer.StarterPlayerScripts.UI.Kit.IconButton	ModuleScript	StarterPlayer.StarterPlayerScripts.UI.Kit.IconButton.luau
StarterPlayer.StarterPlayerScripts.UI.Kit.Modal	ModuleScript	StarterPlayer.StarterPlayerScripts.UI.Kit.Modal.luau
StarterPlayer.StarterPlayerScripts.UI.Kit.Panel	ModuleScript	StarterPlayer.StarterPlayerScripts.UI.Kit.Panel.luau
StarterPlayer.StarterPlayerScripts.UI.Kit.Popover	ModuleScript	StarterPlayer.StarterPlayerScripts.UI.Kit.Popover.luau
StarterPlayer.StarterPlayerScripts.UI.Kit.Slider	ModuleScript	StarterPlayer.StarterPlayerScripts.UI.Kit.Slider.luau
StarterPlayer.StarterPlayerScripts.UI.Kit.Tab	ModuleScript	StarterPlayer.StarterPlayerScripts.UI.Kit.Tab.luau
StarterPlayer.StarterPlayerScripts.UI.Kit.Toggle	ModuleScript	StarterPlayer.StarterPlayerScripts.UI.Kit.Toggle.luau
StarterPlayer.StarterPlayerScripts.UI.Kit.Tooltip	ModuleScript	StarterPlayer.StarterPlayerScripts.UI.Kit.Tooltip.luau
StarterPlayer.StarterPlayerScripts.UI.Locale	ModuleScript	StarterPlayer.StarterPlayerScripts.UI.Locale.luau
StarterPlayer.StarterPlayerScripts.UI.MainMenu.MainMenuController	ModuleScript	StarterPlayer.StarterPlayerScripts.UI.MainMenu.MainMenuController.luau
StarterPlayer.StarterPlayerScripts.UI.MainMenu.MainMenuController.spec	ModuleScript	StarterPlayer.StarterPlayerScripts.UI.MainMenu.MainMenuController.spec.luau
StarterPlayer.StarterPlayerScripts.UI.MainMenu.MenuReel	ModuleScript	StarterPlayer.StarterPlayerScripts.UI.MainMenu.MenuReel.luau
StarterPlayer.StarterPlayerScripts.UI.MainMenu.UpdateLogBuilder	ModuleScript	StarterPlayer.StarterPlayerScripts.UI.MainMenu.UpdateLogBuilder.luau
StarterPlayer.StarterPlayerScripts.UI.MainMenu.UpdateLogData	ModuleScript	StarterPlayer.StarterPlayerScripts.UI.MainMenu.UpdateLogData.luau
StarterPlayer.StarterPlayerScripts.UI.MainMenu.UpdateLogsPanel	ModuleScript	StarterPlayer.StarterPlayerScripts.UI.MainMenu.UpdateLogsPanel.luau
StarterPlayer.StarterPlayerScripts.UI.PanelSlots	ModuleScript	StarterPlayer.StarterPlayerScripts.UI.PanelSlots.luau
StarterPlayer.StarterPlayerScripts.UI.PerfOverlay	ModuleScript	StarterPlayer.StarterPlayerScripts.UI.PerfOverlay.luau
StarterPlayer.StarterPlayerScripts.UI.SettingsPanel	ModuleScript	StarterPlayer.StarterPlayerScripts.UI.SettingsPanel.luau
StarterPlayer.StarterPlayerScripts.UI.Theme	ModuleScript	StarterPlayer.StarterPlayerScripts.UI.Theme.luau
StarterPlayer.StarterPlayerScripts.UI.TopbarDock	ModuleScript	StarterPlayer.StarterPlayerScripts.UI.TopbarDock.luau
StarterPlayer.StarterPlayerScripts.UI.UITween	ModuleScript	StarterPlayer.StarterPlayerScripts.UI.UITween.luau
StarterPlayer.StarterPlayerScripts.UI.UIVisibility	LocalScript	StarterPlayer.StarterPlayerScripts.UI.UIVisibility.client.luau
StarterPlayer.StarterPlayerScripts.UICreation.EditorView	ModuleScript	StarterPlayer.StarterPlayerScripts.UICreation.EditorView.luau
StarterPlayer.StarterPlayerScripts.UICreation.MainMenuView	ModuleScript	StarterPlayer.StarterPlayerScripts.UICreation.MainMenuView.luau
StarterPlayer.StarterPlayerScripts.UICreation.MenuScreenView	ModuleScript	StarterPlayer.StarterPlayerScripts.UICreation.MenuScreenView.luau
StarterPlayer.StarterPlayerScripts.WeatherClient	LocalScript	StarterPlayer.StarterPlayerScripts.WeatherClient.client.luau
StarterPlayer.StarterPlayerScripts.World.AmbienceController	ModuleScript	StarterPlayer.StarterPlayerScripts.World.AmbienceController.luau
StarterPlayer.StarterPlayerScripts.World.AmbientCityView	ModuleScript	StarterPlayer.StarterPlayerScripts.World.AmbientCityView.luau
StarterPlayer.StarterPlayerScripts.World.AssetLODView	ModuleScript	StarterPlayer.StarterPlayerScripts.World.AssetLODView.luau
StarterPlayer.StarterPlayerScripts.World.CitizenAvatarView	ModuleScript	StarterPlayer.StarterPlayerScripts.World.CitizenAvatarView.luau
StarterPlayer.StarterPlayerScripts.World.CitizenPresenceView	ModuleScript	StarterPlayer.StarterPlayerScripts.World.CitizenPresenceView.luau
StarterPlayer.StarterPlayerScripts.World.ConstructionViewController	ModuleScript	StarterPlayer.StarterPlayerScripts.World.ConstructionViewController.luau
StarterPlayer.StarterPlayerScripts.World.ConstructionViewController.spec	ModuleScript	StarterPlayer.StarterPlayerScripts.World.ConstructionViewController.spec.luau
StarterPlayer.StarterPlayerScripts.World.FireView	ModuleScript	StarterPlayer.StarterPlayerScripts.World.FireView.luau
StarterPlayer.StarterPlayerScripts.World.NPCDriverView	ModuleScript	StarterPlayer.StarterPlayerScripts.World.NPCDriverView.luau
StarterPlayer.StarterPlayerScripts.World.NPCDriverView.spec	ModuleScript	StarterPlayer.StarterPlayerScripts.World.NPCDriverView.spec.luau
StarterPlayer.StarterPlayerScripts.World.NoPowerView	ModuleScript	StarterPlayer.StarterPlayerScripts.World.NoPowerView.luau
StarterPlayer.StarterPlayerScripts.World.NodeToolView	ModuleScript	StarterPlayer.StarterPlayerScripts.World.NodeToolView.luau
StarterPlayer.StarterPlayerScripts.World.OneWayDirectionView	ModuleScript	StarterPlayer.StarterPlayerScripts.World.OneWayDirectionView.luau
StarterPlayer.StarterPlayerScripts.World.OutsideConnectionView	ModuleScript	StarterPlayer.StarterPlayerScripts.World.OutsideConnectionView.luau
StarterPlayer.StarterPlayerScripts.World.PedestrianView	ModuleScript	StarterPlayer.StarterPlayerScripts.World.PedestrianView.luau
StarterPlayer.StarterPlayerScripts.World.PlayerPresenceView	ModuleScript	StarterPlayer.StarterPlayerScripts.World.PlayerPresenceView.luau
StarterPlayer.StarterPlayerScripts.World.RoadEditPreview	ModuleScript	StarterPlayer.StarterPlayerScripts.World.RoadEditPreview.luau
StarterPlayer.StarterPlayerScripts.World.RoadEditPreview.spec	ModuleScript	StarterPlayer.StarterPlayerScripts.World.RoadEditPreview.spec.luau
StarterPlayer.StarterPlayerScripts.World.RoadMeshView	ModuleScript	StarterPlayer.StarterPlayerScripts.World.RoadMeshView.luau
StarterPlayer.StarterPlayerScripts.World.RoadMeshView.PredictionCells.spec	ModuleScript	StarterPlayer.StarterPlayerScripts.World.RoadMeshView.PredictionCells.spec.luau
StarterPlayer.StarterPlayerScripts.World.RoadMeshView.Priority.spec	ModuleScript	StarterPlayer.StarterPlayerScripts.World.RoadMeshView.Priority.spec.luau
StarterPlayer.StarterPlayerScripts.World.RoadMeshView.Startup.spec	ModuleScript	StarterPlayer.StarterPlayerScripts.World.RoadMeshView.Startup.spec.luau
StarterPlayer.StarterPlayerScripts.World.RoadMeshView.spec	ModuleScript	StarterPlayer.StarterPlayerScripts.World.RoadMeshView.spec.luau
StarterPlayer.StarterPlayerScripts.World.RoadPieces	ModuleScript	StarterPlayer.StarterPlayerScripts.World.RoadPieces.luau
StarterPlayer.StarterPlayerScripts.World.RoadPieces.spec	ModuleScript	StarterPlayer.StarterPlayerScripts.World.RoadPieces.spec.luau
StarterPlayer.StarterPlayerScripts.World.RoadPreviewGeometry	ModuleScript	StarterPlayer.StarterPlayerScripts.World.RoadPreviewGeometry.luau
StarterPlayer.StarterPlayerScripts.World.RoadPreviewGeometry.Geometry.spec	ModuleScript	StarterPlayer.StarterPlayerScripts.World.RoadPreviewGeometry.Geometry.spec.luau
StarterPlayer.StarterPlayerScripts.World.SewageWorksView	ModuleScript	StarterPlayer.StarterPlayerScripts.World.SewageWorksView.luau
StarterPlayer.StarterPlayerScripts.World.SignalToolView	ModuleScript	StarterPlayer.StarterPlayerScripts.World.SignalToolView.luau
StarterPlayer.StarterPlayerScripts.World.SkyLightingView	ModuleScript	StarterPlayer.StarterPlayerScripts.World.SkyLightingView.luau
StarterPlayer.StarterPlayerScripts.World.SkyLightingView.spec	ModuleScript	StarterPlayer.StarterPlayerScripts.World.SkyLightingView.spec.luau
StarterPlayer.StarterPlayerScripts.World.SolarTrackerView	ModuleScript	StarterPlayer.StarterPlayerScripts.World.SolarTrackerView.luau
StarterPlayer.StarterPlayerScripts.World.StreetNameView	ModuleScript	StarterPlayer.StarterPlayerScripts.World.StreetNameView.luau
StarterPlayer.StarterPlayerScripts.World.TrafficJamView	ModuleScript	StarterPlayer.StarterPlayerScripts.World.TrafficJamView.luau
StarterPlayer.StarterPlayerScripts.World.TrafficJamView.spec	ModuleScript	StarterPlayer.StarterPlayerScripts.World.TrafficJamView.spec.luau
StarterPlayer.StarterPlayerScripts.World.TrafficSignView	ModuleScript	StarterPlayer.StarterPlayerScripts.World.TrafficSignView.luau
StarterPlayer.StarterPlayerScripts.World.UtilityOffView	ModuleScript	StarterPlayer.StarterPlayerScripts.World.UtilityOffView.luau
StarterPlayer.StarterPlayerScripts.World.UtilityProblems	ModuleScript	StarterPlayer.StarterPlayerScripts.World.UtilityProblems.luau
StarterPlayer.StarterPlayerScripts.World.WaterView	ModuleScript	StarterPlayer.StarterPlayerScripts.World.WaterView.luau
StarterPlayer.StarterPlayerScripts.World.WindTurbineView	ModuleScript	StarterPlayer.StarterPlayerScripts.World.WindTurbineView.luau
StarterPlayer.StarterPlayerScripts.World.WindowLightsView	ModuleScript	StarterPlayer.StarterPlayerScripts.World.WindowLightsView.luau
StarterPlayer.StarterPlayerScripts.World.WorldRevealController	ModuleScript	StarterPlayer.StarterPlayerScripts.World.WorldRevealController.luau
StarterPlayer.StarterPlayerScripts.World.StreetLightView	ModuleScript	StarterPlayer.StarterPlayerScripts.World.StreetLightView.luau
